distance_km,observed,lower,upper
0.25,0.9104993267231585,-0.2753016337313693,0.2753016337313693
0.3,0.9465762437688018,-0.2753016337313693,0.2753016337313693
0.35,0.9307353421428115,-0.2753016337313693,0.2753016337313693
0.4,0.920656764852926,-0.2753016337313693,0.2753016337313693
0.45,0.9031348341200737,-0.2753016337313693,0.2753016337313693
0.5,0.9161332227342109,-0.2753016337313693,0.2753016337313693
0.55,0.9026996145840603,-0.2753016337313693,0.2753016337313693
0.6,0.9001838412792754,-0.2753016337313693,0.2753016337313693
0.65,0.9018767084757429,-0.2753016337313693,0.2753016337313693
0.7,0.8854596570489275,-0.2753016337313693,0.2753016337313693
0.75,0.9216075408451582,-0.2753016337313693,0.2753016337313693
0.8,0.908009117282432,-0.2753016337313693,0.2753016337313693
0.85,0.913592666917767,-0.2753016337313693,0.2753016337313693
0.9,0.8981077181516869,-0.2753016337313693,0.2753016337313693
0.95,0.9011237032083759,-0.2753016337313693,0.2753016337313693
1,0.8932767322838201,-0.2753016337313693,0.2753016337313693
1.05,0.8937977740840736,-0.2753016337313693,0.2753016337313693
1.1,0.8707132699493341,-0.2753016337313693,0.2753016337313693
1.15,0.8518144978896856,-0.2753016337313693,0.2753016337313693
1.2,0.8583755718690786,-0.2753016337313693,0.2753016337313693
1.25,0.8381742143655397,-0.2753016337313693,0.2753016337313693
1.3,0.8134051106278385,-0.2753016337313693,0.2753016337313693
1.35,0.8495394437869973,-0.2753016337313693,0.2753016337313693
1.4,0.8511209178582589,-0.2753016337313693,0.2753016337313693
1.45,0.8747808711366146,-0.2753016337313693,0.2753016337313693
1.5,0.8662770823005644,-0.2753016337313693,0.2753016337313693
1.55,0.857313124329593,-0.2753016337313693,0.2753016337313693
1.6,0.8657930116925127,-0.2753016337313693,0.2753016337313693
1.65,0.8693210519878362,-0.2753016337313693,0.2753016337313693
1.7,0.8613518032888046,-0.2753016337313693,0.2753016337313693
1.75,0.8799401525363791,-0.2753016337313693,0.2753016337313693
1.8,0.893563398925567,-0.2753016337313693,0.2753016337313693
1.85,0.896061945718227,-0.2753016337313693,0.2753016337313693
1.9,0.8944667210607494,-0.2753016337313693,0.2753016337313693
1.95,0.9141568468132646,-0.2753016337313693,0.2753016337313693
2,0.9534271134129272,-0.2753016337313693,0.2753016337313693
2.05,0.9872525231915624,-0.2753016337313693,0.2753016337313693
2.1,1.013007781202772,-0.2753016337313693,0.2753016337313693
2.15,1.0229454030768934,-0.2753016337313693,0.2753016337313693
2.2,1.0011264786049383,-0.2753016337313693,0.2753016337313693
2.25,1.009583780601194,-0.2753016337313693,0.2753016337313693
2.3,1.027886117454489,-0.2753016337313693,0.2753016337313693
2.35,1.031446450466787,-0.2753016337313693,0.2753016337313693
2.4,1.0421044617670445,-0.2753016337313693,0.2753016337313693
2.45,1.0902792058672166,-0.2753016337313693,0.2753016337313693
2.5,1.1308291625534048,-0.2753016337313693,0.2753016337313693
2.55,1.1547678301255906,-0.2753016337313693,0.2753016337313693
2.6,1.170049042079694,-0.2753016337313693,0.2753016337313693
2.65,1.1960485337479767,-0.2753016337313693,0.2753016337313693
2.7,1.2021920093909826,-0.2753016337313693,0.2753016337313693
2.75,1.2076478418069652,-0.2753016337313693,0.2753016337313693
2.8,1.223766198432219,-0.2753016337313693,0.2753016337313693
2.85,1.229879510751909,-0.2753016337313693,0.2753016337313693
2.9,1.2308050236222716,-0.2753016337313693,0.2753016337313693
2.95,1.2572368691081819,-0.2753016337313693,0.2753016337313693
3,1.2739838130473409,-0.2753016337313693,0.2753016337313693
3.05,1.2979149931138818,-0.2753016337313693,0.2753016337313693
3.1,1.3166825364738552,-0.2753016337313693,0.2753016337313693
3.15,1.3586760870476027,-0.2753016337313693,0.2753016337313693
3.2,1.360992372393689,-0.2753016337313693,0.2753016337313693
3.25,1.3647653935301813,-0.2753016337313693,0.2753016337313693
3.3,1.362203360958809,-0.2753016337313693,0.2753016337313693
3.35,1.3706457947120707,-0.2753016337313693,0.2753016337313693
3.4,1.4051649359878338,-0.2753016337313693,0.2753016337313693
3.45,1.4233446657489977,-0.2753016337313693,0.2753016337313693
3.5,1.4239712583954824,-0.2753016337313693,0.2753016337313693
3.55,1.4445165419752029,-0.2753016337313693,0.2753016337313693
3.6,1.4477843671574573,-0.2753016337313693,0.2753016337313693
3.65,1.46870398994061,-0.2753016337313693,0.2753016337313693
3.7,1.4761822032351484,-0.2753016337313693,0.2753016337313693
3.75,1.523463400841394,-0.2753016337313693,0.2753016337313693
3.8,1.5344030080061493,-0.2753016337313693,0.2753016337313693
3.85,1.5601602749405157,-0.2753016337313693,0.2753016337313693
3.9,1.5695917235271946,-0.2753016337313693,0.2753016337313693
3.95,1.5952790158914867,-0.2753016337313693,0.2753016337313693
4,1.601755596032078,-0.2753016337313693,0.2753016337313693
4.05,1.617544195148679,-0.2753016337313693,0.2753016337313693
4.1,1.6246088974851665,-0.2753016337313693,0.2753016337313693
4.15,1.664753791133934,-0.2753016337313693,0.2753016337313693
4.2,1.6766017172252488,-0.2753016337313693,0.2753016337313693
4.25,1.6834952736621072,-0.2753016337313693,0.2753016337313693
4.3,1.705072118503186,-0.2753016337313693,0.2753016337313693
4.35,1.712237389399791,-0.2753016337313693,0.2753016337313693
4.4,1.7157745565920886,-0.2753016337313693,0.2753016337313693
4.45,1.7204998540011283,-0.2753016337313693,0.2753016337313693
4.5,1.7382332908418303,-0.2753016337313693,0.2753016337313693
4.55,1.7449431875571517,-0.2753016337313693,0.2753016337313693
4.6,1.7542428894543,-0.2753016337313693,0.2753016337313693
4.65,1.7572341726714094,-0.2753016337313693,0.2753016337313693
4.7,1.7697718435584275,-0.2753016337313693,0.2753016337313693
4.75,1.781819674114291,-0.2753016337313693,0.2753016337313693
4.8,1.8148272100780705,-0.2753016337313693,0.2753016337313693
4.85,1.8368947507919111,-0.2753016337313693,0.2753016337313693
4.9,1.865337672132726,-0.2753016337313693,0.2753016337313693
4.95,1.884690937902772,-0.2753016337313693,0.2753016337313693
5,1.9358359666845382,-0.2753016337313693,0.2753016337313693
5.05,1.9535183425840277,-0.2753016337313693,0.2753016337313693
5.1,1.9760329519208117,-0.2753016337313693,0.2753016337313693
5.15,1.9952451612654023,-0.2753016337313693,0.2753016337313693
5.2,2.0255787698798557,-0.2753016337313693,0.2753016337313693
5.25,2.0342438993881986,-0.2753016337313693,0.2753016337313693
5.3,2.0553898897061518,-0.2753016337313693,0.2753016337313693
5.35,2.0566950428383906,-0.2753016337313693,0.2753016337313693
5.4,2.097199389120237,-0.2753016337313693,0.2753016337313693
5.45,2.1127713156751424,-0.2753016337313693,0.2753016337313693
5.5,2.137707493030649,-0.2753016337313693,0.2753016337313693
5.55,2.159853841217414,-0.2753016337313693,0.2753016337313693
5.6,2.171273923737186,-0.2753016337313693,0.2753016337313693
5.65,2.1835742439507833,-0.2753016337313693,0.2753016337313693
5.7,2.2089417050018945,-0.2753016337313693,0.2753016337313693
5.75,2.2226549363453114,-0.2753016337313693,0.2753016337313693
5.8,2.2372510359874576,-0.2753016337313693,0.2753016337313693
5.85,2.2655319508260945,-0.2753016337313693,0.2753016337313693
5.9,2.287109176524029,-0.2753016337313693,0.2753016337313693
5.95,2.3128820667571346,-0.2753016337313693,0.2753016337313693
6,2.3413040092588635,-0.2753016337313693,0.2753016337313693
6.05,2.3634044526232394,-0.2753016337313693,0.2753016337313693
6.1,2.3759772381450093,-0.2753016337313693,0.2753016337313693
6.15,2.3800556461802973,-0.2753016337313693,0.2753016337313693
6.2,2.410959421415264,-0.2753016337313693,0.2753016337313693
6.25,2.434295863013498,-0.2753016337313693,0.2753016337313693
6.3,2.459635053488042,-0.2753016337313693,0.2753016337313693
6.35,2.47426487446035,-0.2753016337313693,0.2753016337313693
6.4,2.4855403013314246,-0.2753016337313693,0.2753016337313693
6.45,2.5039773639074845,-0.2753016337313693,0.2753016337313693
6.5,2.5122739478788136,-0.2753016337313693,0.2753016337313693
6.55,2.5426118854824233,-0.2753016337313693,0.2753016337313693
6.6,2.576485139802251,-0.2753016337313693,0.2753016337313693
6.65,2.5781964147701273,-0.2753016337313693,0.2753016337313693
6.7,2.599283307146763,-0.2753016337313693,0.2753016337313693
6.75,2.613633778058329,-0.2753016337313693,0.2753016337313693
6.8,2.6225429420479633,-0.2753016337313693,0.2753016337313693
6.85,2.624917003852988,-0.2753016337313693,0.2753016337313693
6.9,2.651835431397445,-0.2753016337313693,0.2753016337313693
6.95,2.662828843704343,-0.2753016337313693,0.2753016337313693
7,2.6755094428775337,-0.2753016337313693,0.2753016337313693
7.05,2.6858672870089175,-0.2753016337313693,0.2753016337313693
7.1,2.710031277942904,-0.2753016337313693,0.2753016337313693
7.15,2.720466679654255,-0.2753016337313693,0.2753016337313693
7.2,2.7358599231682437,-0.2753016337313693,0.2753016337313693
7.25,2.7518923399138204,-0.2753016337313693,0.2753016337313693
7.3,2.7605126212994873,-0.2753016337313693,0.2753016337313693
7.35,2.781351898904124,-0.2753016337313693,0.2753016337313693
7.4,2.7950773711971704,-0.2753016337313693,0.2753016337313693
7.45,2.807651831494064,-0.2753016337313693,0.2753016337313693
7.5,2.8237942606888335,-0.2753016337313693,0.2753016337313693
7.55,2.8403598810347686,-0.2753016337313693,0.2753016337313693
7.6,2.8506797555179273,-0.2753016337313693,0.2753016337313693
7.65,2.8767007101659403,-0.2753016337313693,0.2753016337313693
7.7,2.8910899925325246,-0.2753016337313693,0.2753016337313693
7.75,2.9053630755591566,-0.2753016337313693,0.2753016337313693
7.8,2.9310829641573566,-0.2753016337313693,0.2753016337313693
7.85,2.9500803101491018,-0.2753016337313693,0.2753016337313693
7.9,2.9613332520312925,-0.2753016337313693,0.2753016337313693
7.95,2.973461109940041,-0.2753016337313693,0.2753016337313693
8,2.983331028746716,-0.2753016337313693,0.2753016337313693
8.05,3.0012406993077803,-0.2753016337313693,0.2753016337313693
8.1,3.0272473599947314,-0.2753016337313693,0.2753016337313693
8.15,3.0279410597916194,-0.2753016337313693,0.2753016337313693
8.2,3.0444364970768167,-0.2753016337313693,0.2753016337313693
8.25,3.068052882369502,-0.2753016337313693,0.2753016337313693
8.3,3.0866746761046033,-0.2753016337313693,0.2753016337313693
8.35,3.1168110526166166,-0.2753016337313693,0.2753016337313693
8.4,3.145767610868061,-0.2753016337313693,0.2753016337313693
8.45,3.162415676677263,-0.2753016337313693,0.2753016337313693
8.5,3.186323510600718,-0.2753016337313693,0.2753016337313693
8.55,3.2165349467887117,-0.2753016337313693,0.2753016337313693
8.6,3.2279261806038777,-0.2753016337313693,0.2753016337313693
8.65,3.24892108812842,-0.2753016337313693,0.2753016337313693
8.7,3.2779452916994507,-0.2753016337313693,0.2753016337313693
8.75,3.2934058781984676,-0.2753016337313693,0.2753016337313693
8.8,3.3032968138708947,-0.2753016337313693,0.2753016337313693
8.85,3.31300114461828,-0.2753016337313693,0.2753016337313693
8.9,3.3299218310086856,-0.2753016337313693,0.2753016337313693
8.95,3.360417271025075,-0.2753016337313693,0.2753016337313693
9,3.386298933700793,-0.2753016337313693,0.2753016337313693
9.05,3.420881161383355,-0.2753016337313693,0.2753016337313693
9.1,3.4491023818137947,-0.2753016337313693,0.2753016337313693
9.15,3.4573350624832346,-0.2753016337313693,0.2753016337313693
9.2,3.482826454505692,-0.2753016337313693,0.2753016337313693
9.25,3.4998953075597528,-0.2753016337313693,0.2753016337313693
9.3,3.5301963834816323,-0.2753016337313693,0.2753016337313693
9.35,3.5569606693647366,-0.2753016337313693,0.2753016337313693
9.4,3.5597897115938304,-0.2753016337313693,0.2753016337313693
9.45,3.579669425715216,-0.2753016337313693,0.2753016337313693
9.5,3.60925109863742,-0.2753016337313693,0.2753016337313693
9.55,3.627843155040764,-0.2753016337313693,0.2753016337313693
9.6,3.647613574138375,-0.2753016337313693,0.2753016337313693
9.65,3.666981586566399,-0.2753016337313693,0.2753016337313693
9.7,3.686059699827039,-0.2753016337313693,0.2753016337313693
9.75,3.7053740615540356,-0.2753016337313693,0.2753016337313693
9.8,3.731467638868926,-0.2753016337313693,0.2753016337313693
9.85,3.771929474536002,-0.2753016337313693,0.2753016337313693
9.9,3.7931297096648957,-0.2753016337313693,0.2753016337313693
9.95,3.815067121604725,-0.2753016337313693,0.2753016337313693
10,3.833629941664538,-0.2753016337313693,0.2753016337313693
