obs_k,lower_k,upper_k,distances,obs_g,lower_g,upper_g
0,0,0,0,0,0,0
0,0,4588.905894886364,100,0,0,4588.905894886364
0,0,4818.351189630669,200,9177.811789772728,0,4588.905894886364
9177.811789772728,0,9177.811789772728,300,0,0,9177.811789772728
9177.811789772728,0,9177.811789772728,400,0,0,9177.811789772728
9177.811789772728,0,13766.71768465909,500,0,0,5047.796484374974
9177.811789772728,0,18585.068874289762,600,0,0,9407.257084517034
9177.811789772728,0,23173.974769176122,700,0,0,9177.811789772728
9177.811789772728,0,23403.420063920425,800,4588.905894886364,0,9636.702379261338
18355.623579545456,4359.460600142046,32351.78655894885,900,4588.905894886364,0,13766.71768465909
18355.623579545456,4588.905894886364,37170.137748579524,1000,0,0,9407.257084517034
32122.341264204544,4588.905894886364,45889.05894886363,1100,13766.71768465909,0,9407.257084517034
32122.341264204544,13766.71768465909,50477.96484375,1200,4588.905894886364,0,13996.162979403394
36711.24715909091,18126.178284801135,55066.87073863636,1300,4588.905894886364,0,13766.71768465909
41300.15305397727,18355.623579545456,68833.58842329546,1400,9177.811789772728,0,22944.529474431816
55066.87073863636,27303.990074573863,78240.84550781248,1500,4588.905894886364,0,18814.514169034068
