location,queen_class,queen_trend_p,queen_trend_q,rook_class,rook_trend_p,rook_trend_q,same_class
Anxiang,sporadic coldspot,0.2660517692565918,0.3902092615763346,sporadic coldspot,0.2660517692565918,0.3902092615763346,TRUE
Hanshou,sporadic hotspot,0.3434194326400757,0.47220171988010406,sporadic hotspot,0.9671423435211182,0.9782589221822805,TRUE
Jinshi,oscilating hotspot,6.449222564697266e-5,3.547072410583496e-4,oscilating hotspot,9.1075897216796875e-05,4.714517032398897e-4,TRUE
Li,sporadic coldspot,2.1674240997526795e-6,3.1713944635056476e-5,sporadic coldspot,2.1674240997526795e-6,3.1713944635056476e-5,TRUE
Linli,sporadic hotspot,0.38701391220092773,0.5083168584909012,sporadic hotspot,0.38701391220092773,0.5239573772136982,TRUE
Shimen,no pattern detected,8.480901014991105e-4,0.0032448664753009443,oscilating coldspot,8.480901014991105e-4,0.0032448664753009443,FALSE
Liuyang,sporadic hotspot,2.1457672119140625e-6,3.1713944635056476e-5,sporadic hotspot,2.1457672119140625e-6,3.1713944635056476e-5,TRUE
Ningxiang,sporadic coldspot,0.0015148045495152473,0.004937140753975621,sporadic coldspot,0.0015148045495152473,0.004937140753975621,TRUE
Wangcheng,sporadic coldspot,0.4338268041610718,0.5532863589300625,sporadic coldspot,0.4338268041610718,0.5698023696443928,TRUE
Anren,sporadic coldspot,0.023476243019104004,0.04804440431816633,sporadic coldspot,0.023476243019104004,0.04695248603820801,TRUE
Guidong,sporadic coldspot,0.5923012495040894,0.6858224994257877,sporadic coldspot,0.5923012495040894,0.6858224994257877,TRUE
Jiahe,sporadic coldspot,0.10816133767366409,0.18304226375543153,sporadic coldspot,0.10816133767366409,0.18304226375543153,TRUE
Linwu,sporadic coldspot,0.2322487235069275,0.3464048757391461,sporadic coldspot,0.2322487235069275,0.3464048757391461,TRUE
Rucheng,sporadic coldspot,3.2434716104035033e-6,3.1713944635056476e-5,sporadic coldspot,3.2434716104035033e-6,3.1713944635056476e-5,TRUE
Yizhang,consecutive hotspot,0.3434194326400757,0.47220171988010406,sporadic hotspot,0.3434194326400757,0.4874340334246236,FALSE
Yongxing,oscilating coldspot,0.5923012495040894,0.6858224994257877,oscilating coldspot,0.5923012495040894,0.6858224994257877,TRUE
Zixing,sporadic coldspot,1.0451684829604346e-5,7.664568875043187e-5,sporadic coldspot,1.0451684829604346e-5,7.664568875043187e-5,TRUE
Changning,sporadic coldspot,0.1081613302230835,0.18304226375543153,sporadic coldspot,0.004479050636291504,0.012714724386892012,TRUE
Hengdong,oscilating hotspot,0.023476243019104004,0.04804440431816633,no pattern detected,0.023476243019104004,0.04695248603820801,FALSE
Hengnan,oscilating coldspot,0.09123902767896652,0.16385784562753172,no pattern detected,0.09123902767896652,0.16058068871498107,FALSE
Hengshan,oscilating hotspot,0.009455323219299316,0.023773470733846936,oscilating hotspot,0.009455323219299316,0.023773470733846936,TRUE
Leiyang,sporadic coldspot,0.05286109447479248,0.10112557203873344,sporadic coldspot,0.05286109447479248,0.0989739641230157,TRUE
Qidong,sporadic coldspot,0.5366482734680176,0.6559034453497993,sporadic coldspot,0.5366482734680176,0.6651415220448668,TRUE
Chenxi,oscilating hotspot,3.170967102050781e-5,1.8633313787480194e-4,sporadic coldspot,3.170967102050781e-5,1.8633313787480194e-4,FALSE
Zhongfang,sporadic coldspot,3.1761330319568515e-5,1.8633313787480194e-4,sporadic coldspot,3.1761330319568515e-5,1.8633313787480194e-4,TRUE
Huitong,sporadic coldspot,0.20161229372024536,0.3058945146100274,sporadic coldspot,0.20161229372024536,0.3058945146100274,TRUE
Jingzhou,sporadic coldspot,0.17403356730937958,0.27348132005759646,sporadic coldspot,0.17403356730937958,0.27348132005759646,TRUE
Mayang,sporadic coldspot,0.023476243019104004,0.04804440431816633,sporadic coldspot,0.023476243019104004,0.04695248603820801,TRUE
Tongdao,sporadic coldspot,0.1081613302230835,0.18304226375543153,sporadic coldspot,0.1081613302230835,0.18304226375543153,TRUE
Xinhuang,sporadic coldspot,0.8368197083473206,0.8872305341513761,sporadic coldspot,0.8368197083473206,0.8980504187141978,TRUE
Xupu,sporadic hotspot,0.90164947509765625,0.9445851643880209,sporadic hotspot,0.90164947509765625,0.9445851643880209,TRUE
Yuanling,sporadic coldspot,0.0011370512656867504,0.004002420455217362,sporadic coldspot,0.0011370512656867504,0.004002420455217362,TRUE
Zhijiang,no pattern detected,0.07651364803314209,0.1402750213940938,no pattern detected,0.07651364803314209,0.13741226585543886,TRUE
Lengshuijiang,oscilating coldspot,0.4338268041610718,0.5532863589300625,no pattern detected,0.4338268041610718,0.5698023696443928,FALSE
Shuangfeng,sporadic coldspot,0.6504631042480469,0.7338558099208734,sporadic coldspot,0.6504631042480469,0.724566495871242,TRUE
Xinhua,sporadic hotspot,0.6504631042480469,0.7338558099208734,sporadic hotspot,0.6504631042480469,0.724566495871242,TRUE
Chengbu,sporadic hotspot,0.5923012495040894,0.6858224994257877,sporadic hotspot,0.5923012495040894,0.6858224994257877,TRUE
Dongan,consecutive hotspot,3.2186508178710938e-06,3.1713944635056476e-5,sporadic hotspot,3.2186508178710938e-06,3.1713944635056476e-5,FALSE
Dongkou,sporadic hotspot,0.004479050636291504,0.013138548533121745,sporadic hotspot,0.004479050636291504,0.012714724386892012,TRUE
Longhui,no pattern detected,0.3870139718055725,0.5083168584909012,no pattern detected,0.3870139718055725,0.5239573772136982,TRUE
Shaodong,no pattern detected,0.0011370182037353516,0.004002420455217362,no pattern detected,0.0011370182037353516,0.004002420455217362,TRUE
Suining,sporadic hotspot,0.009455323219299316,0.023773470733846936,consecutive hotspot,0.009455323219299316,0.023773470733846936,FALSE
Wugang,sporadic coldspot,0.8368197083473206,0.8872305341513761,sporadic coldspot,0.8368197083473206,0.8980504187141978,TRUE
Xinning,sporadic coldspot,0.12747693061828613,0.20774018322979962,sporadic coldspot,0.12747693061828613,0.20774018322979962,TRUE
Xinshao,sporadic coldspot,3.3868482569232583e-4,0.0014192506981392703,sporadic coldspot,3.3868482569232583e-4,0.0014192506981392703,TRUE
Shaoshan,sporadic coldspot,0.5923012495040894,0.6858224994257877,sporadic coldspot,0.5923012495040894,0.6858224994257877,TRUE
Xiangxiang,consecutive hotspot,6.285905838012695e-4,0.002514362335205078,sporadic hotspot,6.285905838012695e-4,0.002514362335205078,FALSE
Baojing,sporadic hotspot,0.8368196487426758,0.8872305341513761,sporadic hotspot,0.90164947509765625,0.9445851643880209,TRUE
Fenghuang,sporadic hotspot,3.2186508178710938e-06,3.1713944635056476e-5,sporadic hotspot,3.2186508178710938e-06,3.1713944635056476e-5,TRUE
Guzhang,sporadic coldspot,0.029020393267273903,0.058040786534547806,sporadic coldspot,0.029020393267273903,0.05675099127822452,TRUE
Huayuan,consecutive hotspot,5.9604644775390625e-07,1.7484029134114582e-5,sporadic hotspot,5.9604644775390625e-07,1.7484029134114582e-5,FALSE
Jishou,sporadic coldspot,0.007416963577270508,0.021054606283864668,sporadic coldspot,0.007416963577270508,0.020396649837493896,TRUE
Longshan,sporadic coldspot,0.015083621256053448,0.03587455866304604,sporadic coldspot,0.015083621256053448,0.03493049132980799,TRUE
Luxi,new hotspot,0.07651364803314209,0.1402750213940938,sporadic hotspot,0.07651364803314209,0.13741226585543886,FALSE
Yongshun,sporadic coldspot,0.8368196487426758,0.8872305341513761,sporadic coldspot,0.8368196487426758,0.8980504187141978,TRUE
Anhua,sporadic coldspot,0.12747693061828613,0.20774018322979962,sporadic coldspot,0.12747693061828613,0.20774018322979962,TRUE
Nan,sporadic hotspot,1.1920928955078125e-7,1.049041748046875e-5,sporadic hotspot,1.1920928955078125e-7,1.049041748046875e-5,TRUE
Yuanjiang,sporadic coldspot,0.023476243019104004,0.04804440431816633,sporadic coldspot,0.023476243019104004,0.04695248603820801,TRUE
Jianghua,sporadic coldspot,0.023476243019104004,0.04804440431816633,sporadic coldspot,0.023476243019104004,0.04695248603820801,TRUE
Lanshan,oscilating hotspot,4.76837158203125e-6,4.1961669921875e-5,oscilating hotspot,4.76837158203125e-6,4.1961669921875e-5,TRUE
Ningyuan,sporadic coldspot,0.0015147924423217773,0.004937140753975621,sporadic coldspot,0.0015147924423217773,0.004937140753975621,TRUE
Shuangpai,sporadic coldspot,0.3030965328216553,0.43725401456238794,sporadic coldspot,0.3030965328216553,0.43725401456238794,TRUE
Xintian,sporadic hotspot,0.018875598907470703,0.04371191325940584,sporadic hotspot,0.018875598907470703,0.042591094970703125,TRUE
Huarong,sporadic coldspot,0.009455323219299316,0.023773470733846936,sporadic coldspot,0.011979460716247559,0.028491690352156356,TRUE
Linxiang,sporadic coldspot,0.002005293034017086,0.006085165615739493,sporadic coldspot,0.002005293034017086,0.006085165615739493,TRUE
Miluo,sporadic hotspot,1.2767314910888672e-4,6.241798400878906e-4,sporadic hotspot,1.2767314910888672e-4,6.241798400878906e-4,TRUE
Pingjiang,sporadic coldspot,0.01197940856218338,0.029282998707559377,sporadic coldspot,0.01197940856218338,0.028491690352156356,TRUE
Xiangyin,sporadic hotspot,7.152557373046875e-6,5.7220458984375e-5,sporadic hotspot,7.152557373046875e-6,5.7220458984375e-5,TRUE
Cili,sporadic hotspot,2.4628639221191406e-4,0.001140694869192023,sporadic hotspot,2.4628639221191406e-4,0.001140694869192023,TRUE
Chaling,sporadic hotspot,9.5367431640625e-7,2.09808349609375e-5,sporadic hotspot,9.5367431640625e-7,2.09808349609375e-5,TRUE
Liling,oscilating coldspot,3.3868482569232583e-4,0.0014192506981392703,oscilating coldspot,3.3868482569232583e-4,0.0014192506981392703,TRUE
Yanling,no pattern detected,1,1,no pattern detected,1,1,TRUE
You,sporadic coldspot,9.104339551413432e-5,4.7128345913198945e-4,sporadic coldspot,9.104339551413432e-5,4.714517032398897e-4,TRUE
Zhuzhou,oscilating coldspot,0.009455357678234577,0.023773470733846936,oscilating coldspot,0.009455357678234577,0.023773470733846936,TRUE
Sangzhi,sporadic coldspot,0.5366482734680176,0.6559034453497993,sporadic coldspot,0.5366482734680176,0.6651415220448668,TRUE
Yueyang,sporadic coldspot,0.9671423435211182,0.9782589221822805,sporadic coldspot,0.9671423435211182,0.9782589221822805,TRUE
Qiyang,sporadic hotspot,0.3434194326400757,0.47220171988010406,no pattern detected,0.5923012495040894,0.6858224994257877,FALSE
Taojiang,no pattern detected,0.14937515556812286,0.2390002489089966,sporadic hotspot,0.14937515556812286,0.2390002489089966,FALSE
Shaoyang,sporadic coldspot,0.20161229372024536,0.3058945146100274,sporadic coldspot,0.20161229372024536,0.3058945146100274,TRUE
Lianyuan,sporadic hotspot,0.9671423435211182,0.9782589221822805,sporadic hotspot,0.5366482734680176,0.6651415220448668,TRUE
Hongjiang,oscilating hotspot,0.05286109447479248,0.10112557203873344,oscilating hotspot,0.05286109447479248,0.0989739641230157,TRUE
Hengyang,oscilating hotspot,0.002005338668823242,0.006085165615739493,oscilating hotspot,0.002005338668823242,0.006085165615739493,TRUE
Guiyang,sporadic coldspot,0.5366482734680176,0.6559034453497993,sporadic coldspot,0.5366482734680176,0.6651415220448668,TRUE
Changsha,oscilating hotspot,3.170967102050781e-5,1.8633313787480194e-4,oscilating hotspot,3.170967102050781e-5,1.8633313787480194e-4,TRUE
Taoyuan,sporadic coldspot,0.38701391220092773,0.5083168584909012,sporadic coldspot,0.38701391220092773,0.5239573772136982,TRUE
Xiangtan,sporadic coldspot,0.9671423435211182,0.9782589221822805,sporadic coldspot,0.9671423435211182,0.9782589221822805,TRUE
Dao,sporadic hotspot,5.9604644775390625e-07,1.7484029134114582e-5,sporadic hotspot,5.9604644775390625e-07,1.7484029134114582e-5,TRUE
Jiangyong,oscilating coldspot,0.8368196487426758,0.8872305341513761,oscilating coldspot,0.6504631042480469,0.724566495871242,TRUE
