location,tau,p_value,classification,specification,trend_q_bh
Anxiang,0.20588237047195435,0.2660517692565918,sporadic coldspot,Queen contiguity,0.3902092615763346
Hanshou,0.17647060751914978,0.3434194326400757,sporadic hotspot,Queen contiguity,0.47220171988010406
Jinshi,0.7205883264541626,6.449222564697266e-5,oscilating hotspot,Queen contiguity,3.547072410583496e-4
Li,-0.8529412746429443,2.1674240997526795e-6,sporadic coldspot,Queen contiguity,3.1713944635056476e-5
Linli,0.1617647260427475,0.38701391220092773,sporadic hotspot,Queen contiguity,0.5083168584909012
Shimen,-0.6029412150382996,8.480901014991105e-4,no pattern detected,Queen contiguity,0.0032448664753009443
Liuyang,0.8529412746429443,2.1457672119140625e-6,sporadic hotspot,Queen contiguity,3.1713944635056476e-5
Ningxiang,-0.5735294818878174,0.0015148045495152473,sporadic coldspot,Queen contiguity,0.004937140753975621
Wangcheng,-0.14705884456634521,0.4338268041610718,sporadic coldspot,Queen contiguity,0.5532863589300625
Anren,0.4117647409439087,0.023476243019104004,sporadic coldspot,Queen contiguity,0.04804440431816633
Guidong,0.10294118523597717,0.5923012495040894,sporadic coldspot,Queen contiguity,0.6858224994257877
Jiahe,-0.29411768913269043,0.10816133767366409,sporadic coldspot,Queen contiguity,0.18304226375543153
Linwu,-0.22058826684951782,0.2322487235069275,sporadic coldspot,Queen contiguity,0.3464048757391461
Rucheng,-0.8382353782653809,3.2434716104035033e-6,sporadic coldspot,Queen contiguity,3.1713944635056476e-5
Yizhang,0.17647060751914978,0.3434194326400757,consecutive hotspot,Queen contiguity,0.47220171988010406
Yongxing,-0.10294118523597717,0.5923012495040894,oscilating coldspot,Queen contiguity,0.6858224994257877
Zixing,-0.7941177487373352,1.0451684829604346e-5,sporadic coldspot,Queen contiguity,7.664568875043187e-5
Changning,0.29411768913269043,0.1081613302230835,sporadic coldspot,Queen contiguity,0.18304226375543153
Hengdong,0.4117647409439087,0.023476243019104004,oscilating hotspot,Queen contiguity,0.04804440431816633
Hengnan,-0.3088235557079315,0.09123902767896652,oscilating coldspot,Queen contiguity,0.16385784562753172
Hengshan,0.4705882966518402,0.009455323219299316,oscilating hotspot,Queen contiguity,0.023773470733846936
Leiyang,0.35294121503829956,0.05286109447479248,sporadic coldspot,Queen contiguity,0.10112557203873344
Qidong,-0.11764707416296005,0.5366482734680176,sporadic coldspot,Queen contiguity,0.6559034453497993
Chenxi,0.7500000596046448,3.170967102050781e-5,oscilating hotspot,Queen contiguity,1.8633313787480194e-4
Zhongfang,-0.7500000596046448,3.1761330319568515e-5,sporadic coldspot,Queen contiguity,1.8633313787480194e-4
Huitong,-0.2352941483259201,0.20161229372024536,sporadic coldspot,Queen contiguity,0.3058945146100274
Jingzhou,-0.2500000298023224,0.17403356730937958,sporadic coldspot,Queen contiguity,0.27348132005759646
Mayang,0.4117647409439087,0.023476243019104004,sporadic coldspot,Queen contiguity,0.04804440431816633
Tongdao,0.29411768913269043,0.1081613302230835,sporadic coldspot,Queen contiguity,0.18304226375543153
Xinhuang,-0.044117651879787445,0.8368197083473206,sporadic coldspot,Queen contiguity,0.8872305341513761
Xupu,-0.029411768540740013,0.90164947509765625,sporadic hotspot,Queen contiguity,0.9445851643880209
Yuanling,-0.5882353782653809,0.0011370512656867504,sporadic coldspot,Queen contiguity,0.004002420455217362
Zhijiang,-0.323529452085495,0.07651364803314209,no pattern detected,Queen contiguity,0.1402750213940938
Lengshuijiang,0.14705884456634521,0.4338268041610718,oscilating coldspot,Queen contiguity,0.5532863589300625
Shuangfeng,0.08823530375957489,0.6504631042480469,sporadic coldspot,Queen contiguity,0.7338558099208734
Xinhua,0.08823530375957489,0.6504631042480469,sporadic hotspot,Queen contiguity,0.7338558099208734
Chengbu,0.10294118523597717,0.5923012495040894,sporadic hotspot,Queen contiguity,0.6858224994257877
Dongan,0.8382353782653809,3.2186508178710938e-06,consecutive hotspot,Queen contiguity,3.1713944635056476e-5
Dongkou,0.5147059559822083,0.004479050636291504,sporadic hotspot,Queen contiguity,0.013138548533121745
Longhui,-0.1617647260427475,0.3870139718055725,no pattern detected,Queen contiguity,0.5083168584909012
Shaodong,0.5882353782653809,0.0011370182037353516,no pattern detected,Queen contiguity,0.004002420455217362
Suining,0.4705882966518402,0.009455323219299316,sporadic hotspot,Queen contiguity,0.023773470733846936
Wugang,-0.044117651879787445,0.8368197083473206,sporadic coldspot,Queen contiguity,0.8872305341513761
Xinning,-0.27941179275512695,0.12747693061828613,sporadic coldspot,Queen contiguity,0.20774018322979962
Xinshao,-0.64705890417099,3.3868482569232583e-4,sporadic coldspot,Queen contiguity,0.0014192506981392703
Shaoshan,0.10294118523597717,0.5923012495040894,sporadic coldspot,Queen contiguity,0.6858224994257877
Xiangxiang,0.617647111415863,6.285905838012695e-4,consecutive hotspot,Queen contiguity,0.002514362335205078
Baojing,0.044117651879787445,0.8368196487426758,sporadic hotspot,Queen contiguity,0.8872305341513761
Fenghuang,0.8382353782653809,3.2186508178710938e-06,sporadic hotspot,Queen contiguity,3.1713944635056476e-5
Guzhang,-0.3970588743686676,0.029020393267273903,sporadic coldspot,Queen contiguity,0.058040786534547806
Huayuan,0.89705890417099,5.9604644775390625e-07,consecutive hotspot,Queen contiguity,1.7484029134114582e-5
Jishou,0.4852941632270813,0.007416963577270508,sporadic coldspot,Queen contiguity,0.021054606283864668
Longshan,-0.44117653369903564,0.015083621256053448,sporadic coldspot,Queen contiguity,0.03587455866304604
Luxi,0.323529452085495,0.07651364803314209,new hotspot,Queen contiguity,0.1402750213940938
Yongshun,0.044117651879787445,0.8368196487426758,sporadic coldspot,Queen contiguity,0.8872305341513761
Anhua,-0.27941179275512695,0.12747693061828613,sporadic coldspot,Queen contiguity,0.20774018322979962
Nan,0.9705883264541626,1.1920928955078125e-7,sporadic hotspot,Queen contiguity,1.049041748046875e-5
Yuanjiang,0.4117647409439087,0.023476243019104004,sporadic coldspot,Queen contiguity,0.04804440431816633
Jianghua,0.4117647409439087,0.023476243019104004,sporadic coldspot,Queen contiguity,0.04804440431816633
Lanshan,0.8235294818878174,4.76837158203125e-6,oscilating hotspot,Queen contiguity,4.1961669921875e-5
Ningyuan,0.5735294818878174,0.0015147924423217773,sporadic coldspot,Queen contiguity,0.004937140753975621
Shuangpai,-0.19117648899555206,0.3030965328216553,sporadic coldspot,Queen contiguity,0.43725401456238794
Xintian,0.42647063732147217,0.018875598907470703,sporadic hotspot,Queen contiguity,0.04371191325940584
Huarong,0.4705882966518402,0.009455323219299316,sporadic coldspot,Queen contiguity,0.023773470733846936
Linxiang,-0.5588235855102539,0.002005293034017086,sporadic coldspot,Queen contiguity,0.006085165615739493
Miluo,0.6911765336990356,1.2767314910888672e-4,sporadic hotspot,Queen contiguity,6.241798400878906e-4
Pingjiang,-0.45588240027427673,0.01197940856218338,sporadic coldspot,Queen contiguity,0.029282998707559377
Xiangyin,0.8088236451148987,7.152557373046875e-6,sporadic hotspot,Queen contiguity,5.7220458984375e-5
Cili,0.6617648005485535,2.4628639221191406e-4,sporadic hotspot,Queen contiguity,0.001140694869192023
Chaling,0.8823530673980713,9.5367431640625e-7,sporadic hotspot,Queen contiguity,2.09808349609375e-5
Liling,-0.64705890417099,3.3868482569232583e-4,oscilating coldspot,Queen contiguity,0.0014192506981392703
Yanling,0,1,no pattern detected,Queen contiguity,1
You,-0.7058824300765991,9.104339551413432e-5,sporadic coldspot,Queen contiguity,4.7128345913198945e-4
Zhuzhou,-0.4705882966518402,0.009455357678234577,oscilating coldspot,Queen contiguity,0.023773470733846936
Sangzhi,0.11764707416296005,0.5366482734680176,sporadic coldspot,Queen contiguity,0.6559034453497993
Yueyang,-0.014705884270370007,0.9671423435211182,sporadic coldspot,Queen contiguity,0.9782589221822805
Qiyang,0.17647060751914978,0.3434194326400757,sporadic hotspot,Queen contiguity,0.47220171988010406
Taojiang,-0.26470592617988586,0.14937515556812286,no pattern detected,Queen contiguity,0.2390002489089966
Shaoyang,-0.2352941483259201,0.20161229372024536,sporadic coldspot,Queen contiguity,0.3058945146100274
Lianyuan,-0.014705884270370007,0.9671423435211182,sporadic hotspot,Queen contiguity,0.9782589221822805
Hongjiang,0.35294121503829956,0.05286109447479248,oscilating hotspot,Queen contiguity,0.10112557203873344
Hengyang,0.5588235855102539,0.002005338668823242,oscilating hotspot,Queen contiguity,0.006085165615739493
Guiyang,0.11764707416296005,0.5366482734680176,sporadic coldspot,Queen contiguity,0.6559034453497993
Changsha,0.7500000596046448,3.170967102050781e-5,oscilating hotspot,Queen contiguity,1.8633313787480194e-4
Taoyuan,0.1617647260427475,0.38701391220092773,sporadic coldspot,Queen contiguity,0.5083168584909012
Xiangtan,0.014705884270370007,0.9671423435211182,sporadic coldspot,Queen contiguity,0.9782589221822805
Dao,0.89705890417099,5.9604644775390625e-07,sporadic hotspot,Queen contiguity,1.7484029134114582e-5
Jiangyong,0.044117651879787445,0.8368196487426758,oscilating coldspot,Queen contiguity,0.8872305341513761
Anxiang,0.20588237047195435,0.2660517692565918,sporadic coldspot,Rook contiguity,0.3902092615763346
Hanshou,0.014705884270370007,0.9671423435211182,sporadic hotspot,Rook contiguity,0.9782589221822805
Jinshi,0.7058824300765991,9.1075897216796875e-05,oscilating hotspot,Rook contiguity,4.714517032398897e-4
Li,-0.8529412746429443,2.1674240997526795e-6,sporadic coldspot,Rook contiguity,3.1713944635056476e-5
Linli,0.1617647260427475,0.38701391220092773,sporadic hotspot,Rook contiguity,0.5239573772136982
Shimen,-0.6029412150382996,8.480901014991105e-4,oscilating coldspot,Rook contiguity,0.0032448664753009443
Liuyang,0.8529412746429443,2.1457672119140625e-6,sporadic hotspot,Rook contiguity,3.1713944635056476e-5
Ningxiang,-0.5735294818878174,0.0015148045495152473,sporadic coldspot,Rook contiguity,0.004937140753975621
Wangcheng,-0.14705884456634521,0.4338268041610718,sporadic coldspot,Rook contiguity,0.5698023696443928
Anren,0.4117647409439087,0.023476243019104004,sporadic coldspot,Rook contiguity,0.04695248603820801
Guidong,0.10294118523597717,0.5923012495040894,sporadic coldspot,Rook contiguity,0.6858224994257877
Jiahe,-0.29411768913269043,0.10816133767366409,sporadic coldspot,Rook contiguity,0.18304226375543153
Linwu,-0.22058826684951782,0.2322487235069275,sporadic coldspot,Rook contiguity,0.3464048757391461
Rucheng,-0.8382353782653809,3.2434716104035033e-6,sporadic coldspot,Rook contiguity,3.1713944635056476e-5
Yizhang,0.17647060751914978,0.3434194326400757,sporadic hotspot,Rook contiguity,0.4874340334246236
Yongxing,-0.10294118523597717,0.5923012495040894,oscilating coldspot,Rook contiguity,0.6858224994257877
Zixing,-0.7941177487373352,1.0451684829604346e-5,sporadic coldspot,Rook contiguity,7.664568875043187e-5
Changning,0.5147059559822083,0.004479050636291504,sporadic coldspot,Rook contiguity,0.012714724386892012
Hengdong,0.4117647409439087,0.023476243019104004,no pattern detected,Rook contiguity,0.04695248603820801
Hengnan,-0.3088235557079315,0.09123902767896652,no pattern detected,Rook contiguity,0.16058068871498107
Hengshan,0.4705882966518402,0.009455323219299316,oscilating hotspot,Rook contiguity,0.023773470733846936
Leiyang,0.35294121503829956,0.05286109447479248,sporadic coldspot,Rook contiguity,0.0989739641230157
Qidong,-0.11764707416296005,0.5366482734680176,sporadic coldspot,Rook contiguity,0.6651415220448668
Chenxi,0.7500000596046448,3.170967102050781e-5,sporadic coldspot,Rook contiguity,1.8633313787480194e-4
Zhongfang,-0.7500000596046448,3.1761330319568515e-5,sporadic coldspot,Rook contiguity,1.8633313787480194e-4
Huitong,-0.2352941483259201,0.20161229372024536,sporadic coldspot,Rook contiguity,0.3058945146100274
Jingzhou,-0.2500000298023224,0.17403356730937958,sporadic coldspot,Rook contiguity,0.27348132005759646
Mayang,0.4117647409439087,0.023476243019104004,sporadic coldspot,Rook contiguity,0.04695248603820801
Tongdao,0.29411768913269043,0.1081613302230835,sporadic coldspot,Rook contiguity,0.18304226375543153
Xinhuang,-0.044117651879787445,0.8368197083473206,sporadic coldspot,Rook contiguity,0.8980504187141978
Xupu,-0.029411768540740013,0.90164947509765625,sporadic hotspot,Rook contiguity,0.9445851643880209
Yuanling,-0.5882353782653809,0.0011370512656867504,sporadic coldspot,Rook contiguity,0.004002420455217362
Zhijiang,-0.323529452085495,0.07651364803314209,no pattern detected,Rook contiguity,0.13741226585543886
Lengshuijiang,0.14705884456634521,0.4338268041610718,no pattern detected,Rook contiguity,0.5698023696443928
Shuangfeng,0.08823530375957489,0.6504631042480469,sporadic coldspot,Rook contiguity,0.724566495871242
Xinhua,0.08823530375957489,0.6504631042480469,sporadic hotspot,Rook contiguity,0.724566495871242
Chengbu,0.10294118523597717,0.5923012495040894,sporadic hotspot,Rook contiguity,0.6858224994257877
Dongan,0.8382353782653809,3.2186508178710938e-06,sporadic hotspot,Rook contiguity,3.1713944635056476e-5
Dongkou,0.5147059559822083,0.004479050636291504,sporadic hotspot,Rook contiguity,0.012714724386892012
Longhui,-0.1617647260427475,0.3870139718055725,no pattern detected,Rook contiguity,0.5239573772136982
Shaodong,0.5882353782653809,0.0011370182037353516,no pattern detected,Rook contiguity,0.004002420455217362
Suining,0.4705882966518402,0.009455323219299316,consecutive hotspot,Rook contiguity,0.023773470733846936
Wugang,-0.044117651879787445,0.8368197083473206,sporadic coldspot,Rook contiguity,0.8980504187141978
Xinning,-0.27941179275512695,0.12747693061828613,sporadic coldspot,Rook contiguity,0.20774018322979962
Xinshao,-0.64705890417099,3.3868482569232583e-4,sporadic coldspot,Rook contiguity,0.0014192506981392703
Shaoshan,0.10294118523597717,0.5923012495040894,sporadic coldspot,Rook contiguity,0.6858224994257877
Xiangxiang,0.617647111415863,6.285905838012695e-4,sporadic hotspot,Rook contiguity,0.002514362335205078
Baojing,0.029411768540740013,0.90164947509765625,sporadic hotspot,Rook contiguity,0.9445851643880209
Fenghuang,0.8382353782653809,3.2186508178710938e-06,sporadic hotspot,Rook contiguity,3.1713944635056476e-5
Guzhang,-0.3970588743686676,0.029020393267273903,sporadic coldspot,Rook contiguity,0.05675099127822452
Huayuan,0.89705890417099,5.9604644775390625e-07,sporadic hotspot,Rook contiguity,1.7484029134114582e-5
Jishou,0.4852941632270813,0.007416963577270508,sporadic coldspot,Rook contiguity,0.020396649837493896
Longshan,-0.44117653369903564,0.015083621256053448,sporadic coldspot,Rook contiguity,0.03493049132980799
Luxi,0.323529452085495,0.07651364803314209,sporadic hotspot,Rook contiguity,0.13741226585543886
Yongshun,0.044117651879787445,0.8368196487426758,sporadic coldspot,Rook contiguity,0.8980504187141978
Anhua,-0.27941179275512695,0.12747693061828613,sporadic coldspot,Rook contiguity,0.20774018322979962
Nan,0.9705883264541626,1.1920928955078125e-7,sporadic hotspot,Rook contiguity,1.049041748046875e-5
Yuanjiang,0.4117647409439087,0.023476243019104004,sporadic coldspot,Rook contiguity,0.04695248603820801
Jianghua,0.4117647409439087,0.023476243019104004,sporadic coldspot,Rook contiguity,0.04695248603820801
Lanshan,0.8235294818878174,4.76837158203125e-6,oscilating hotspot,Rook contiguity,4.1961669921875e-5
Ningyuan,0.5735294818878174,0.0015147924423217773,sporadic coldspot,Rook contiguity,0.004937140753975621
Shuangpai,-0.19117648899555206,0.3030965328216553,sporadic coldspot,Rook contiguity,0.43725401456238794
Xintian,0.42647063732147217,0.018875598907470703,sporadic hotspot,Rook contiguity,0.042591094970703125
Huarong,0.45588240027427673,0.011979460716247559,sporadic coldspot,Rook contiguity,0.028491690352156356
Linxiang,-0.5588235855102539,0.002005293034017086,sporadic coldspot,Rook contiguity,0.006085165615739493
Miluo,0.6911765336990356,1.2767314910888672e-4,sporadic hotspot,Rook contiguity,6.241798400878906e-4
Pingjiang,-0.45588240027427673,0.01197940856218338,sporadic coldspot,Rook contiguity,0.028491690352156356
Xiangyin,0.8088236451148987,7.152557373046875e-6,sporadic hotspot,Rook contiguity,5.7220458984375e-5
Cili,0.6617648005485535,2.4628639221191406e-4,sporadic hotspot,Rook contiguity,0.001140694869192023
Chaling,0.8823530673980713,9.5367431640625e-7,sporadic hotspot,Rook contiguity,2.09808349609375e-5
Liling,-0.64705890417099,3.3868482569232583e-4,oscilating coldspot,Rook contiguity,0.0014192506981392703
Yanling,0,1,no pattern detected,Rook contiguity,1
You,-0.7058824300765991,9.104339551413432e-5,sporadic coldspot,Rook contiguity,4.714517032398897e-4
Zhuzhou,-0.4705882966518402,0.009455357678234577,oscilating coldspot,Rook contiguity,0.023773470733846936
Sangzhi,0.11764707416296005,0.5366482734680176,sporadic coldspot,Rook contiguity,0.6651415220448668
Yueyang,-0.014705884270370007,0.9671423435211182,sporadic coldspot,Rook contiguity,0.9782589221822805
Qiyang,0.10294118523597717,0.5923012495040894,no pattern detected,Rook contiguity,0.6858224994257877
Taojiang,-0.26470592617988586,0.14937515556812286,sporadic hotspot,Rook contiguity,0.2390002489089966
Shaoyang,-0.2352941483259201,0.20161229372024536,sporadic coldspot,Rook contiguity,0.3058945146100274
Lianyuan,-0.11764707416296005,0.5366482734680176,sporadic hotspot,Rook contiguity,0.6651415220448668
Hongjiang,0.35294121503829956,0.05286109447479248,oscilating hotspot,Rook contiguity,0.0989739641230157
Hengyang,0.5588235855102539,0.002005338668823242,oscilating hotspot,Rook contiguity,0.006085165615739493
Guiyang,0.11764707416296005,0.5366482734680176,sporadic coldspot,Rook contiguity,0.6651415220448668
Changsha,0.7500000596046448,3.170967102050781e-5,oscilating hotspot,Rook contiguity,1.8633313787480194e-4
Taoyuan,0.1617647260427475,0.38701391220092773,sporadic coldspot,Rook contiguity,0.5239573772136982
Xiangtan,0.014705884270370007,0.9671423435211182,sporadic coldspot,Rook contiguity,0.9782589221822805
Dao,0.89705890417099,5.9604644775390625e-07,sporadic hotspot,Rook contiguity,1.7484029134114582e-5
Jiangyong,0.08823530375957489,0.6504631042480469,oscilating coldspot,Rook contiguity,0.724566495871242
