specification,County,tau,sl,S,D,varS,p_value,q_bh
Queen contiguity,Anhua,0.19117648899555206,0.3030965328216553,26,135.99998474121094,589.33331298828125,0.3030965328216553,0.43725401456238794
Queen contiguity,Anren,-0.29411768913269043,0.10816133767366409,-40,135.99998474121094,589.33331298828125,0.10816133767366409,0.21151550478405423
Queen contiguity,Anxiang,0,1,0,135.99998474121094,589.33331298828125,1,1
Queen contiguity,Baojing,-0.6911765336990356,1.2766783765982836e-4,-94,135.99998474121094,589.33331298828125,1.2766783765982836e-4,5.617384857032449e-4
Queen contiguity,Chaling,-0.08823530375957489,0.6504631042480469,-12,135.99998474121094,589.33331298828125,0.6504631042480469,0.7632100423177084
Queen contiguity,Changning,-0.7500000596046448,3.1761330319568515e-5,-102,135.99998474121094,589.33331298828125,3.1761330319568515e-5,1.7468731675762683e-4
Queen contiguity,Changsha,0.4852941632270813,0.007416963577270508,66,135.99998474121094,589.33331298828125,0.007416963577270508,0.021054606283864668
Queen contiguity,Chengbu,-0.8235294818878174,4.822107712243451e-6,-112,135.99998474121094,589.33331298828125,4.822107712243451e-6,8.486909573548474e-5
Queen contiguity,Chenxi,-0.11764707416296005,0.5366482734680176,-16,135.99998474121094,589.33331298828125,0.5366482734680176,0.6844209864519644
Queen contiguity,Cili,0.10294118523597717,0.5923012495040894,14,135.99998474121094,589.33331298828125,0.5923012495040894,0.7140069857035597
Queen contiguity,Dao,-0.044117651879787445,0.8368197083473206,-6,135.99998474121094,589.33331298828125,0.8368197083473206,0.8980504187141978
Queen contiguity,Dongan,-0.8235294818878174,4.822107712243451e-6,-112,135.99998474121094,589.33331298828125,4.822107712243451e-6,8.486909573548474e-5
Queen contiguity,Dongkou,-0.7647059559822083,2.207080615335144e-5,-104,135.99998474121094,589.33331298828125,2.207080615335144e-5,1.4940238011499436e-4
Queen contiguity,Fenghuang,-0.7058824300765991,9.104339551413432e-5,-96,135.99998474121094,589.33331298828125,9.104339551413432e-5,4.218252081620066e-4
Queen contiguity,Guidong,0.13235296308994293,0.48375582695007324,18,135.99998474121094,589.33331298828125,0.48375582695007324,0.6353807876359171
Queen contiguity,Guiyang,-0.2500000298023224,0.17403356730937958,-34,135.99998474121094,589.33331298828125,0.17403356730937958,0.3002932141808903
Queen contiguity,Guzhang,-0.617647111415863,6.285444251261652e-4,-84,135.99998474121094,589.33331298828125,6.285444251261652e-4,0.0024048656265696754
Queen contiguity,Hanshou,0.10294118523597717,0.5923012495040894,14,135.99998474121094,589.33331298828125,0.5923012495040894,0.7140069857035597
Queen contiguity,Hengdong,0.3823529779911041,0.03565645217895508,52,135.99998474121094,589.33331298828125,0.03565645217895508,0.07470875694638207
Queen contiguity,Hengnan,-0.5882353782653809,0.0011370512656867504,-80,135.99998474121094,589.33331298828125,0.0011370512656867504,0.004002420455217362
Queen contiguity,Hengshan,0.4852941632270813,0.007416963577270508,66,135.99998474121094,589.33331298828125,0.007416963577270508,0.021054606283864668
Queen contiguity,Hengyang,0.10294118523597717,0.5923012495040894,14,135.99998474121094,589.33331298828125,0.5923012495040894,0.7140069857035597
Queen contiguity,Hongjiang,-0.26470592617988586,0.14937515556812286,-36,135.99998474121094,589.33331298828125,0.14937515556812286,0.2738544518748919
Queen contiguity,Huarong,0.044117651879787445,0.8368196487426758,6,135.99998474121094,589.33331298828125,0.8368196487426758,0.8980504187141978
Queen contiguity,Huayuan,-0.7941177487373352,1.0451684829604346e-5,-108,135.99998474121094,589.33331298828125,1.0451684829604346e-5,1.1539459228515625e-4
Queen contiguity,Huitong,-0.3088235557079315,0.09123902767896652,-42,135.99998474121094,589.33331298828125,0.09123902767896652,0.1867217310639315
Queen contiguity,Jiahe,-0.4705882966518402,0.009455357678234577,-64,135.99998474121094,589.33331298828125,0.009455357678234577,0.026002233615145087
Queen contiguity,Jianghua,0.3970588743686676,0.02902042865753174,54,135.99998474121094,589.33331298828125,0.02902042865753174,0.06228774931372666
Queen contiguity,Jiangyong,0.17647060751914978,0.3434194326400757,24,135.99998474121094,589.33331298828125,0.3434194326400757,0.4796969852750263
Queen contiguity,Jingzhou,-0.26470592617988586,0.14937515556812286,-36,135.99998474121094,589.33331298828125,0.14937515556812286,0.2738544518748919
Queen contiguity,Jinshi,0.014705884270370007,0.9671423435211182,2,135.99998474121094,589.33331298828125,0.9671423435211182,1
Queen contiguity,Jishou,-0.7500000596046448,3.1761330319568515e-5,-102,135.99998474121094,589.33331298828125,3.1761330319568515e-5,1.7468731675762683e-4
Queen contiguity,Lanshan,-0.5588235855102539,0.002005293034017086,-76,135.99998474121094,589.33331298828125,0.002005293034017086,0.006535918624312789
Queen contiguity,Leiyang,-0.5882353782653809,0.0011370512656867504,-80,135.99998474121094,589.33331298828125,0.0011370512656867504,0.004002420455217362
Queen contiguity,Lengshuijiang,-0.7647059559822083,2.207080615335144e-5,-104,135.99998474121094,589.33331298828125,2.207080615335144e-5,1.4940238011499436e-4
Queen contiguity,Li,0.029411768540740013,0.90164947509765625,4,135.99998474121094,589.33331298828125,0.90164947509765625,0.9559657085372741
Queen contiguity,Lianyuan,0.19117648899555206,0.3030965328216553,26,135.99998474121094,589.33331298828125,0.3030965328216553,0.43725401456238794
Queen contiguity,Liling,0.7058824300765991,9.1075897216796875e-05,96,135.99998474121094,589.33331298828125,9.1075897216796875e-05,4.218252081620066e-4
Queen contiguity,Linli,0.08823530375957489,0.6504631042480469,12,135.99998474121094,589.33331298828125,0.6504631042480469,0.7632100423177084
Queen contiguity,Linwu,-0.45588240027427673,0.01197940856218338,-62,135.99998474121094,589.33331298828125,0.01197940856218338,0.0310056630302878
Queen contiguity,Linxiang,0.4117647409439087,0.023476243019104004,56,135.99998474121094,589.33331298828125,0.023476243019104004,0.052972035530285955
Queen contiguity,Liuyang,0.7794118523597717,1.52587890625e-5,106,135.99998474121094,589.33331298828125,1.52587890625e-5,1.4919704861111112e-4
Queen contiguity,Longhui,0.11764707416296005,0.5366482734680176,16,135.99998474121094,589.33331298828125,0.5366482734680176,0.6844209864519644
Queen contiguity,Longshan,0,1,0,135.99998474121094,589.33331298828125,1,1
Queen contiguity,Luxi,-0.3970588743686676,0.029020393267273903,-54,135.99998474121094,589.33331298828125,0.029020393267273903,0.06228774931372666
Queen contiguity,Mayang,0,1,0,135.99998474121094,589.33331298828125,1,1
Queen contiguity,Miluo,0.5147059559822083,0.004479050636291504,70,135.99998474121094,589.33331298828125,0.004479050636291504,0.013591601930815598
Queen contiguity,Nan,-0.014705884270370007,0.9671423435211182,-2,135.99998474121094,589.33331298828125,0.9671423435211182,1
Queen contiguity,Ningxiang,0.42647063732147217,0.018875598907470703,58,135.99998474121094,589.33331298828125,0.018875598907470703,0.04371191325940584
Queen contiguity,Ningyuan,-0.5294118523597717,0.003448142670094967,-72,135.99998474121094,589.33331298828125,0.003448142670094967,0.010837019820298468
Queen contiguity,Pingjiang,0.64705890417099,3.3867359161376953e-4,88,135.99998474121094,589.33331298828125,3.3867359161376953e-4,0.0013546943664550781
Queen contiguity,Qidong,-0.20588237047195435,0.266051709651947,-28,135.99998474121094,589.33331298828125,0.266051709651947,0.40366475335482893
Queen contiguity,Qiyang,-0.42647063732147217,0.018875546753406525,-58,135.99998474121094,589.33331298828125,0.018875546753406525,0.04371191325940584
Queen contiguity,Rucheng,-0.17647060751914978,0.3434194326400757,-24,135.99998474121094,589.33331298828125,0.3434194326400757,0.4796969852750263
Queen contiguity,Sangzhi,-0.19117648899555206,0.3030965328216553,-26,135.99998474121094,589.33331298828125,0.3030965328216553,0.43725401456238794
Queen contiguity,Shaodong,0.64705890417099,3.3867359161376953e-4,88,135.99998474121094,589.33331298828125,3.3867359161376953e-4,0.0013546943664550781
Queen contiguity,Shaoshan,0.7941177487373352,1.049041748046875e-5,108,135.99998474121094,589.33331298828125,1.049041748046875e-5,1.1539459228515625e-4
Queen contiguity,Shaoyang,0.2352941483259201,0.20161223411560059,32,135.99998474121094,589.33331298828125,0.20161223411560059,0.33475248768644517
Queen contiguity,Shimen,0.1617647260427475,0.38701391220092773,22,135.99998474121094,589.33331298828125,0.38701391220092773,0.5321441292762756
Queen contiguity,Shuangfeng,0.8676471710205078,1.430511474609375e-6,118,135.99998474121094,589.33331298828125,1.430511474609375e-6,4.1961669921875e-5
Queen contiguity,Shuangpai,-0.27941179275512695,0.12747693061828613,-38,135.99998474121094,589.33331298828125,0.12747693061828613,0.24386891074802566
Queen contiguity,Suining,-0.7205883264541626,6.450741784647107e-5,-98,135.99998474121094,589.33331298828125,6.450741784647107e-5,3.3392075120526203e-4
Queen contiguity,Taojiang,0.29411768913269043,0.1081613302230835,40,135.99998474121094,589.33331298828125,0.1081613302230835,0.21151550478405423
Queen contiguity,Taoyuan,0.20588237047195435,0.2660517692565918,28,135.99998474121094,589.33331298828125,0.2660517692565918,0.40366475335482893
Queen contiguity,Tongdao,-0.7500000596046448,3.1761330319568515e-5,-102,135.99998474121094,589.33331298828125,3.1761330319568515e-5,1.7468731675762683e-4
Queen contiguity,Wangcheng,0.42647063732147217,0.018875598907470703,58,135.99998474121094,589.33331298828125,0.018875598907470703,0.04371191325940584
Queen contiguity,Wugang,-0.8088236451148987,7.122434453776805e-6,-110,135.99998474121094,589.33331298828125,7.122434453776805e-6,1.0446237198872646e-4
Queen contiguity,Xiangtan,0.8676471710205078,1.430511474609375e-6,118,135.99998474121094,589.33331298828125,1.430511474609375e-6,4.1961669921875e-5
Queen contiguity,Xiangxiang,0.8676471710205078,1.430511474609375e-6,118,135.99998474121094,589.33331298828125,1.430511474609375e-6,4.1961669921875e-5
Queen contiguity,Xiangyin,0.5588235855102539,0.002005338668823242,76,135.99998474121094,589.33331298828125,0.002005338668823242,0.006535918624312789
Queen contiguity,Xinhua,-0.2500000298023224,0.17403356730937958,-34,135.99998474121094,589.33331298828125,0.17403356730937958,0.3002932141808903
Queen contiguity,Xinhuang,0.14705884456634521,0.4338268041610718,20,135.99998474121094,589.33331298828125,0.4338268041610718,0.578435738881429
Queen contiguity,Xinning,-0.7647059559822083,2.207080615335144e-5,-104,135.99998474121094,589.33331298828125,2.207080615335144e-5,1.4940238011499436e-4
Queen contiguity,Xinshao,-0.2500000298023224,0.17403356730937958,-34,135.99998474121094,589.33331298828125,0.17403356730937958,0.3002932141808903
Queen contiguity,Xintian,-0.10294118523597717,0.5923012495040894,-14,135.99998474121094,589.33331298828125,0.5923012495040894,0.7140069857035597
Queen contiguity,Xupu,-0.058823537081480026,0.773080050945282,-8,135.99998474121094,589.33331298828125,0.773080050945282,0.8611525282075133
Queen contiguity,Yanling,0.20588237047195435,0.2660517692565918,28,135.99998474121094,589.33331298828125,0.2660517692565918,0.40366475335482893
Queen contiguity,Yizhang,-0.2352941483259201,0.20161229372024536,-32,135.99998474121094,589.33331298828125,0.20161229372024536,0.33475248768644517
Queen contiguity,Yongshun,-0.22058826684951782,0.2322487235069275,-30,135.99998474121094,589.33331298828125,0.2322487235069275,0.37847940127054847
Queen contiguity,Yongxing,0.07352942228317261,0.7108359336853027,10,135.99998474121094,589.33331298828125,0.7108359336853027,0.8123839242117745
Queen contiguity,You,0.14705884456634521,0.4338268041610718,20,135.99998474121094,589.33331298828125,0.4338268041610718,0.578435738881429
Queen contiguity,Yuanjiang,0.45588240027427673,0.011979460716247559,62,135.99998474121094,589.33331298828125,0.011979460716247559,0.0310056630302878
Queen contiguity,Yuanling,-0.20588237047195435,0.266051709651947,-28,135.99998474121094,589.33331298828125,0.266051709651947,0.40366475335482893
Queen contiguity,Yueyang,0.42647063732147217,0.018875598907470703,58,135.99998474121094,589.33331298828125,0.018875598907470703,0.04371191325940584
Queen contiguity,Zhijiang,0.058823537081480026,0.7730801105499268,8,135.99998474121094,589.33331298828125,0.7730801105499268,0.8611525282075133
Queen contiguity,Zhongfang,0.044117651879787445,0.8368196487426758,6,135.99998474121094,589.33331298828125,0.8368196487426758,0.8980504187141978
Queen contiguity,Zhuzhou,0.7647059559822083,2.205371856689453e-5,104,135.99998474121094,589.33331298828125,2.205371856689453e-5,1.4940238011499436e-4
Queen contiguity,Zixing,-0.07352942228317261,0.7108359336853027,-10,135.99998474121094,589.33331298828125,0.7108359336853027,0.8123839242117745
Rook contiguity,Anhua,0.19117648899555206,0.3030965328216553,26,135.99998474121094,589.33331298828125,0.3030965328216553,0.44454158147176104
Rook contiguity,Anren,-0.26470592617988586,0.14937515556812286,-36,135.99998474121094,589.33331298828125,0.14937515556812286,0.2682655855100982
Rook contiguity,Anxiang,0,1,0,135.99998474121094,589.33331298828125,1,1
Rook contiguity,Baojing,-0.6911765336990356,1.2766783765982836e-4,-94,135.99998474121094,589.33331298828125,1.2766783765982836e-4,5.617384857032449e-4
Rook contiguity,Chaling,-0.08823530375957489,0.6504631042480469,-12,135.99998474121094,589.33331298828125,0.6504631042480469,0.7632100423177084
Rook contiguity,Changning,-0.7500000596046448,3.1761330319568515e-5,-102,135.99998474121094,589.33331298828125,3.1761330319568515e-5,1.7468731675762683e-4
Rook contiguity,Changsha,0.4852941632270813,0.007416963577270508,66,135.99998474121094,589.33331298828125,0.007416963577270508,0.020396649837493896
Rook contiguity,Chengbu,-0.8235294818878174,4.822107712243451e-6,-112,135.99998474121094,589.33331298828125,4.822107712243451e-6,8.486909573548474e-5
Rook contiguity,Chenxi,-0.11764707416296005,0.5366482734680176,-16,135.99998474121094,589.33331298828125,0.5366482734680176,0.6844209864519644
Rook contiguity,Cili,0.10294118523597717,0.5923012495040894,14,135.99998474121094,589.33331298828125,0.5923012495040894,0.7140069857035597
Rook contiguity,Dao,-0.044117651879787445,0.8368197083473206,-6,135.99998474121094,589.33331298828125,0.8368197083473206,0.9091374609205457
Rook contiguity,Dongan,-0.8235294818878174,4.822107712243451e-6,-112,135.99998474121094,589.33331298828125,4.822107712243451e-6,8.486909573548474e-5
Rook contiguity,Dongkou,-0.7647059559822083,2.207080615335144e-5,-104,135.99998474121094,589.33331298828125,2.207080615335144e-5,1.4940238011499436e-4
Rook contiguity,Fenghuang,-0.7058824300765991,9.104339551413432e-5,-96,135.99998474121094,589.33331298828125,9.104339551413432e-5,4.218252081620066e-4
Rook contiguity,Guidong,0.13235296308994293,0.48375582695007324,18,135.99998474121094,589.33331298828125,0.48375582695007324,0.6353807876359171
Rook contiguity,Guiyang,-0.2500000298023224,0.17403356730937958,-34,135.99998474121094,589.33331298828125,0.17403356730937958,0.2945183446774116
Rook contiguity,Guzhang,-0.617647111415863,6.285444251261652e-4,-84,135.99998474121094,589.33331298828125,6.285444251261652e-4,0.0024048656265696754
Rook contiguity,Hanshou,0.5735294818878174,0.0015147924423217773,78,135.99998474121094,589.33331298828125,0.0015147924423217773,0.005126989804781401
Rook contiguity,Hengdong,0.3823529779911041,0.03565645217895508,52,135.99998474121094,589.33331298828125,0.03565645217895508,0.072971343994140625
Rook contiguity,Hengnan,-0.5882353782653809,0.0011370512656867504,-80,135.99998474121094,589.33331298828125,0.0011370512656867504,0.004002420455217362
Rook contiguity,Hengshan,0.4852941632270813,0.007416963577270508,66,135.99998474121094,589.33331298828125,0.007416963577270508,0.020396649837493896
Rook contiguity,Hengyang,0.10294118523597717,0.5923012495040894,14,135.99998474121094,589.33331298828125,0.5923012495040894,0.7140069857035597
Rook contiguity,Hongjiang,-0.26470592617988586,0.14937515556812286,-36,135.99998474121094,589.33331298828125,0.14937515556812286,0.2682655855100982
Rook contiguity,Huarong,0.044117651879787445,0.8368196487426758,6,135.99998474121094,589.33331298828125,0.8368196487426758,0.9091374609205457
Rook contiguity,Huayuan,-0.7941177487373352,1.0451684829604346e-5,-108,135.99998474121094,589.33331298828125,1.0451684829604346e-5,1.1539459228515625e-4
Rook contiguity,Huitong,-0.3088235557079315,0.09123902767896652,-42,135.99998474121094,589.33331298828125,0.09123902767896652,0.18247805535793304
Rook contiguity,Jiahe,-0.4705882966518402,0.009455357678234577,-64,135.99998474121094,589.33331298828125,0.009455357678234577,0.02521428714195887
Rook contiguity,Jianghua,0.3970588743686676,0.02902042865753174,54,135.99998474121094,589.33331298828125,0.02902042865753174,0.060804707663399835
Rook contiguity,Jiangyong,0.17647060751914978,0.3434194326400757,24,135.99998474121094,589.33331298828125,0.3434194326400757,0.4874340334246236
Rook contiguity,Jingzhou,-0.26470592617988586,0.14937515556812286,-36,135.99998474121094,589.33331298828125,0.14937515556812286,0.2682655855100982
Rook contiguity,Jinshi,0.014705884270370007,0.9671423435211182,2,135.99998474121094,589.33331298828125,0.9671423435211182,1
Rook contiguity,Jishou,-0.7500000596046448,3.1761330319568515e-5,-102,135.99998474121094,589.33331298828125,3.1761330319568515e-5,1.7468731675762683e-4
Rook contiguity,Lanshan,-0.5588235855102539,0.002005293034017086,-76,135.99998474121094,589.33331298828125,0.002005293034017086,0.006302492959158761
Rook contiguity,Leiyang,-0.5882353782653809,0.0011370512656867504,-80,135.99998474121094,589.33331298828125,0.0011370512656867504,0.004002420455217362
Rook contiguity,Lengshuijiang,-0.7647059559822083,2.207080615335144e-5,-104,135.99998474121094,589.33331298828125,2.207080615335144e-5,1.4940238011499436e-4
Rook contiguity,Li,0.029411768540740013,0.90164947509765625,4,135.99998474121094,589.33331298828125,0.90164947509765625,0.9676238269340702
Rook contiguity,Lianyuan,0.19117648899555206,0.3030965328216553,26,135.99998474121094,589.33331298828125,0.3030965328216553,0.44454158147176104
Rook contiguity,Liling,0.7058824300765991,9.1075897216796875e-05,96,135.99998474121094,589.33331298828125,9.1075897216796875e-05,4.218252081620066e-4
Rook contiguity,Linli,0.08823530375957489,0.6504631042480469,12,135.99998474121094,589.33331298828125,0.6504631042480469,0.7632100423177084
Rook contiguity,Linwu,-0.45588240027427673,0.01197940856218338,-62,135.99998474121094,589.33331298828125,0.01197940856218338,0.030119786943708145
Rook contiguity,Linxiang,0.4117647409439087,0.023476243019104004,56,135.99998474121094,589.33331298828125,0.023476243019104004,0.05164773464202881
Rook contiguity,Liuyang,0.7794118523597717,1.52587890625e-5,106,135.99998474121094,589.33331298828125,1.52587890625e-5,1.4919704861111112e-4
Rook contiguity,Longhui,0.11764707416296005,0.5366482734680176,16,135.99998474121094,589.33331298828125,0.5366482734680176,0.6844209864519644
Rook contiguity,Longshan,0,1,0,135.99998474121094,589.33331298828125,1,1
Rook contiguity,Luxi,-0.3970588743686676,0.029020393267273903,-54,135.99998474121094,589.33331298828125,0.029020393267273903,0.060804707663399835
Rook contiguity,Mayang,0,1,0,135.99998474121094,589.33331298828125,1,1
Rook contiguity,Miluo,0.5147059559822083,0.004479050636291504,70,135.99998474121094,589.33331298828125,0.004479050636291504,0.013138548533121745
Rook contiguity,Nan,0,1,0,135.99998474121094,589.33331298828125,1,1
Rook contiguity,Ningxiang,0.42647063732147217,0.018875598907470703,58,135.99998474121094,589.33331298828125,0.018875598907470703,0.042591094970703125
Rook contiguity,Ningyuan,-0.5294118523597717,0.003448142670094967,-72,135.99998474121094,589.33331298828125,0.003448142670094967,0.010463329481667486
Rook contiguity,Pingjiang,0.64705890417099,3.3867359161376953e-4,88,135.99998474121094,589.33331298828125,3.3867359161376953e-4,0.0013546943664550781
Rook contiguity,Qidong,-0.20588237047195435,0.266051709651947,-28,135.99998474121094,589.33331298828125,0.266051709651947,0.41074649911177785
Rook contiguity,Qiyang,-0.42647063732147217,0.018875546753406525,-58,135.99998474121094,589.33331298828125,0.018875546753406525,0.042591094970703125
Rook contiguity,Rucheng,-0.17647060751914978,0.3434194326400757,-24,135.99998474121094,589.33331298828125,0.3434194326400757,0.4874340334246236
Rook contiguity,Sangzhi,-0.19117648899555206,0.3030965328216553,-26,135.99998474121094,589.33331298828125,0.3030965328216553,0.44454158147176104
Rook contiguity,Shaodong,0.64705890417099,3.3867359161376953e-4,88,135.99998474121094,589.33331298828125,3.3867359161376953e-4,0.0013546943664550781
Rook contiguity,Shaoshan,0.7941177487373352,1.049041748046875e-5,108,135.99998474121094,589.33331298828125,1.049041748046875e-5,1.1539459228515625e-4
Rook contiguity,Shaoyang,0.2352941483259201,0.20161223411560059,32,135.99998474121094,589.33331298828125,0.20161223411560059,0.3285533675441035
Rook contiguity,Shimen,0.1617647260427475,0.38701391220092773,22,135.99998474121094,589.33331298828125,0.38701391220092773,0.5321441292762756
Rook contiguity,Shuangfeng,0.8676471710205078,1.430511474609375e-6,118,135.99998474121094,589.33331298828125,1.430511474609375e-6,4.1961669921875e-5
Rook contiguity,Shuangpai,-0.27941179275512695,0.12747693061828613,-38,135.99998474121094,589.33331298828125,0.12747693061828613,0.24386891074802566
Rook contiguity,Suining,-0.7205883264541626,6.450741784647107e-5,-98,135.99998474121094,589.33331298828125,6.450741784647107e-5,3.3392075120526203e-4
Rook contiguity,Taojiang,0.29411768913269043,0.1081613302230835,40,135.99998474121094,589.33331298828125,0.1081613302230835,0.21151549021402993
Rook contiguity,Taoyuan,0.10294118523597717,0.5923012495040894,14,135.99998474121094,589.33331298828125,0.5923012495040894,0.7140069857035597
Rook contiguity,Tongdao,-0.7500000596046448,3.1761330319568515e-5,-102,135.99998474121094,589.33331298828125,3.1761330319568515e-5,1.7468731675762683e-4
Rook contiguity,Wangcheng,0.42647063732147217,0.018875598907470703,58,135.99998474121094,589.33331298828125,0.018875598907470703,0.042591094970703125
Rook contiguity,Wugang,-0.8088236451148987,7.122434453776805e-6,-110,135.99998474121094,589.33331298828125,7.122434453776805e-6,1.0446237198872646e-4
Rook contiguity,Xiangtan,0.8676471710205078,1.430511474609375e-6,118,135.99998474121094,589.33331298828125,1.430511474609375e-6,4.1961669921875e-5
Rook contiguity,Xiangxiang,0.8676471710205078,1.430511474609375e-6,118,135.99998474121094,589.33331298828125,1.430511474609375e-6,4.1961669921875e-5
Rook contiguity,Xiangyin,0.5588235855102539,0.002005338668823242,76,135.99998474121094,589.33331298828125,0.002005338668823242,0.006302492959158761
Rook contiguity,Xinhua,-0.2500000298023224,0.17403356730937958,-34,135.99998474121094,589.33331298828125,0.17403356730937958,0.2945183446774116
Rook contiguity,Xinhuang,0.14705884456634521,0.4338268041610718,20,135.99998474121094,589.33331298828125,0.4338268041610718,0.578435738881429
Rook contiguity,Xinning,-0.7647059559822083,2.207080615335144e-5,-104,135.99998474121094,589.33331298828125,2.207080615335144e-5,1.4940238011499436e-4
Rook contiguity,Xinshao,-0.2500000298023224,0.17403356730937958,-34,135.99998474121094,589.33331298828125,0.17403356730937958,0.2945183446774116
Rook contiguity,Xintian,-0.10294118523597717,0.5923012495040894,-14,135.99998474121094,589.33331298828125,0.5923012495040894,0.7140069857035597
Rook contiguity,Xupu,-0.058823537081480026,0.773080050945282,-8,135.99998474121094,589.33331298828125,0.773080050945282,0.8721929452358148
Rook contiguity,Yanling,0.1617647260427475,0.38701391220092773,22,135.99998474121094,589.33331298828125,0.38701391220092773,0.5321441292762756
Rook contiguity,Yizhang,-0.2352941483259201,0.20161229372024536,-32,135.99998474121094,589.33331298828125,0.20161229372024536,0.3285533675441035
Rook contiguity,Yongshun,-0.22058826684951782,0.2322487235069275,-30,135.99998474121094,589.33331298828125,0.2322487235069275,0.371597957611084
Rook contiguity,Yongxing,0,1,0,135.99998474121094,589.33331298828125,1,1
Rook contiguity,You,0.14705884456634521,0.4338268041610718,20,135.99998474121094,589.33331298828125,0.4338268041610718,0.578435738881429
Rook contiguity,Yuanjiang,0.45588240027427673,0.011979460716247559,62,135.99998474121094,589.33331298828125,0.011979460716247559,0.030119786943708145
Rook contiguity,Yuanling,-0.20588237047195435,0.266051709651947,-28,135.99998474121094,589.33331298828125,0.266051709651947,0.41074649911177785
Rook contiguity,Yueyang,0.42647063732147217,0.018875598907470703,58,135.99998474121094,589.33331298828125,0.018875598907470703,0.042591094970703125
Rook contiguity,Zhijiang,0.058823537081480026,0.7730801105499268,8,135.99998474121094,589.33331298828125,0.7730801105499268,0.8721929452358148
Rook contiguity,Zhongfang,0.044117651879787445,0.8368196487426758,6,135.99998474121094,589.33331298828125,0.8368196487426758,0.9091374609205457
Rook contiguity,Zhuzhou,0.7647059559822083,2.205371856689453e-5,104,135.99998474121094,589.33331298828125,2.205371856689453e-5,1.4940238011499436e-4
Rook contiguity,Zixing,-0.058823537081480026,0.773080050945282,-8,135.99998474121094,589.33331298828125,0.773080050945282,0.8721929452358148
