spatial_m,lag_days,ratio
1000,1,255.178479496095
2000,1,221.6329877914103
3000,1,120.15752501352003
4000,1,76.63640246569945
5000,1,54.01873430021101
6000,1,40.64940899870965
7000,1,31.47052194717526
8000,1,26.223949391647018
9000,1,22.39045642799299
10000,1,19.717830453827826
11000,1,18.681666703053157
12000,1,17.692410082823464
13000,1,16.462813222104593
14000,1,15.390758109589338
15000,1,14.89994811444369
16000,1,14.438446242486346
17000,1,14.058467344008793
18000,1,13.285055405398612
19000,1,12.816154294185976
20000,1,12.4503947223363
21000,1,11.951016240302224
22000,1,11.68347380153525
23000,1,11.411280036637446
24000,1,11.067362396343233
25000,1,10.795249862881429
26000,1,10.49317774806523
27000,1,10.27606592802322
28000,1,10.057224979677608
29000,1,9.75773713519176
30000,1,9.56561560893472
1000,3,107.1422461986809
2000,3,84.10115937181973
3000,3,48.254956851432155
4000,3,33.07780955153763
5000,3,24.35954826246758
6000,3,18.946096120907374
7000,3,15.542542358248854
8000,3,13.186682132067183
9000,3,11.467203324133145
10000,3,10.357846573729985
11000,3,10.094599405878421
12000,3,9.65650026001417
13000,3,9.07439416269537
14000,3,8.587357381574975
15000,3,8.368460773128449
16000,3,8.122192775346736
17000,3,7.915387359868528
18000,3,7.584057805335614
19000,3,7.394755647706738
20000,3,7.300665839367649
21000,3,7.132803026456821
22000,3,7.013629171864554
23000,3,6.861031656664509
24000,3,6.703363947068717
25000,3,6.530170293788607
26000,3,6.3883753608506115
27000,3,6.253361347626881
28000,3,6.135678494086357
29000,3,5.989067531071432
30000,3,5.91965370023967
1000,5,65.75753125476294
2000,5,52.42360700383097
3000,5,31.141009852005215
4000,5,21.887619439278446
5000,5,16.657779901286727
6000,5,13.293624949385546
7000,5,11.162258609397018
8000,5,9.712749198259786
9000,5,8.491487260401918
10000,5,7.82501410971811
11000,5,7.680922180995156
12000,5,7.407952868993676
13000,5,7.109601066410229
14000,5,6.758825417468537
15000,5,6.6963257025968606
16000,5,6.5547658360498335
17000,5,6.469452190135777
18000,5,6.245038384937516
19000,5,6.144091596826859
20000,5,6.084774345738595
21000,5,5.9645127562969025
22000,5,5.864506841748124
23000,5,5.756255893386662
24000,5,5.62750901798652
25000,5,5.5149388847511105
26000,5,5.420294718867869
27000,5,5.315553603865609
28000,5,5.218202767595726
29000,5,5.092335103046195
30000,5,5.0161852466182335
1000,7,50.12434418673295
2000,7,39.46092293831677
3000,7,24.119857557079
4000,7,17.3617377058492
5000,7,13.53171490612712
6000,7,10.942526802123457
7000,7,9.309294798820623
8000,7,8.234998925618166
9000,7,7.2742937179291784
10000,7,6.721348347567398
11000,7,6.907017535736511
12000,7,6.9816149432854155
13000,7,7.064514806846143
14000,7,6.893376759501118
15000,7,6.922773926546893
16000,7,6.81871440061104
17000,7,6.706110981632775
18000,7,6.482815899052987
19000,7,6.359824209805136
20000,7,6.250788681098027
21000,7,6.112269386328964
22000,7,6.008338342576406
23000,7,5.874826409141452
24000,7,5.715556982733639
25000,7,5.583328319679299
26000,7,5.454399989886028
27000,7,5.32391939257073
28000,7,5.194775188045543
29000,7,5.054666745292988
30000,7,4.973672125502927
1000,9,40.62136051807495
2000,9,32.191275145644326
3000,9,19.880687375989655
4000,9,14.3918443327545
5000,9,11.530311447278075
6000,9,9.368279465394295
7000,9,8.001232375515212
8000,9,7.055157629169738
9000,9,6.235438901348739
10000,9,5.801024337843519
11000,9,6.050776659123617
12000,9,6.204650029965748
13000,9,6.293991914819742
14000,9,6.19798741397641
15000,9,6.247261747642808
16000,9,6.1501523958594655
17000,9,6.043782845642766
18000,9,5.834332009912737
19000,9,5.718860123924311
20000,9,5.611744382297201
21000,9,5.484136778209396
22000,9,5.398134745048536
23000,9,5.269531680416732
24000,9,5.139482900770895
25000,9,5.023760898677007
26000,9,4.919024890739759
27000,9,4.799681233489464
28000,9,4.678091810124106
29000,9,4.546428518126963
30000,9,4.466933480271358
1000,11,33.90483294004059
2000,11,27.342077529768773
3000,11,17.113855947501538
4000,11,12.523882639356001
5000,11,10.13698689580361
6000,11,8.24256780803562
7000,11,7.069551594234597
8000,11,6.397118461790494
9000,11,5.6869383390617125
10000,11,5.334760894531554
11000,11,5.540623225386201
12000,11,5.73465750514687
13000,11,5.828957391189861
14000,11,5.755042188979015
15000,11,5.741739424251035
16000,11,5.625491116127121
17000,11,5.5201747932014396
18000,11,5.322711411301153
19000,11,5.231402590366407
20000,11,5.151885822200966
21000,11,5.059750493862035
22000,11,4.994469746138613
23000,11,4.878570432350821
24000,11,4.759600133846086
25000,11,4.660422090403296
26000,11,4.569624612035907
27000,11,4.462336194857038
28000,11,4.348636348172987
29000,11,4.230629445047897
30000,11,4.164374111128869
1000,13,31.16388516839329
2000,13,24.580065529767193
3000,13,15.827099869385709
4000,13,11.724522633187375
5000,13,9.503471593364928
6000,13,7.8102193615409226
7000,13,6.767824134527702
8000,13,6.149938399040671
9000,13,5.540858854833156
10000,13,5.231492017213497
11000,13,5.378279258149483
12000,13,5.5604101295518
13000,13,5.648544225774627
14000,13,5.576752471323458
15000,13,5.599145385916623
16000,13,5.513661123435314
17000,13,5.416250447127669
18000,13,5.2311488740362035
19000,13,5.163864681201488
20000,13,5.104795164727674
21000,13,5.057180388107705
22000,13,5.007788874495605
23000,13,4.890436147522414
24000,13,4.777240582904452
25000,13,4.68006200123907
26000,13,4.582307733618148
27000,13,4.479625651828519
28000,13,4.372874868516668
29000,13,4.262227885043769
30000,13,4.1961176037171715
1000,15,29.024382157651083
2000,15,22.65099685442988
3000,15,15.100710039289496
4000,15,11.221472850940224
5000,15,9.050982437759577
6000,15,7.5538793987508726
7000,15,6.628287752508893
8000,15,6.0170561137416065
9000,15,5.470497939715676
10000,15,5.1992183581529385
11000,15,5.319588155189864
12000,15,5.477796068084508
13000,15,5.567412649286191
14000,15,5.566972578437626
15000,15,5.630770781751332
16000,15,5.5792207520786015
17000,15,5.5082190812876375
18000,15,5.3524038872541215
19000,15,5.279651181705292
20000,15,5.238341264098764
21000,15,5.1925207368409065
22000,15,5.149072432392427
23000,15,5.032035642901623
24000,15,4.9172854835539015
25000,15,4.829073903189754
26000,15,4.722893798804278
27000,15,4.61540548689251
28000,15,4.502172321917397
29000,15,4.398061773686457
30000,15,4.324477508047275
1000,17,26.046278774496372
2000,17,20.640968412879772
3000,17,13.857692353741653
4000,17,10.365112499463516
5000,17,8.526588139895868
6000,17,7.152847338893935
7000,17,6.300775832289516
8000,17,5.7345324738410834
9000,17,5.235235229639494
10000,17,5.014034969689318
11000,17,5.158129614261878
12000,17,5.298939179806753
13000,17,5.371573845035897
14000,17,5.377094375737349
15000,17,5.454620489290092
16000,17,5.449216200842535
17000,17,5.413704857879584
18000,17,5.263672515024155
19000,17,5.2052210105244
20000,17,5.161962290333699
21000,17,5.118976320867653
22000,17,5.066119598010915
23000,17,4.945320208727813
24000,17,4.826111649506188
25000,17,4.737254319460103
26000,17,4.6401568591269085
27000,17,4.537011494481714
28000,17,4.4290103645283
29000,17,4.331050460661894
30000,17,4.2656540708803545
1000,19,23.562992292731067
2000,19,18.8707363341783
3000,19,12.850901280698507
4000,19,9.722843752770409
5000,19,8.172281574435665
6000,19,6.995149481565021
7000,19,6.1659149639472615
8000,19,5.596399680785965
9000,19,5.111984520395284
10000,19,4.905187359342864
11000,19,5.035481400083672
12000,19,5.188374036708027
13000,19,5.330257591644508
14000,19,5.320105348033335
15000,19,5.388149730622562
16000,19,5.404384518165636
17000,19,5.37777472302494
18000,19,5.23229961494879
19000,19,5.178999287405637
20000,19,5.143310259333803
21000,19,5.097826062332977
22000,19,5.040060145308365
23000,19,4.919830090217478
24000,19,4.802548692696719
25000,19,4.713100973500136
26000,19,4.617045453840355
27000,19,4.513201576602756
28000,19,4.4108614866634035
29000,19,4.316221770403615
30000,19,4.254702847324681
1000,21,22.05970515017612
2000,21,17.71956470606999
3000,21,12.131758776789889
4000,21,9.362350097338732
5000,21,8.026392345416996
6000,21,6.861292539913943
7000,21,6.0384344699882275
8000,21,5.451629008516986
9000,21,4.973364359042376
10000,21,4.758666538702466
11000,21,4.8566192113538005
12000,21,4.9767972221016485
13000,21,5.1261239855835345
14000,21,5.105507137725765
15000,21,5.1614274644340314
16000,21,5.17027843549741
17000,21,5.142127147718986
18000,21,5.0096424060468845
19000,21,4.973726902165425
20000,21,4.950173298292488
21000,21,4.911897081953816
22000,21,4.8568281526262576
23000,21,4.747697399600758
24000,21,4.63695609589206
25000,21,4.547432580217528
26000,21,4.455743114588922
27000,21,4.359208642300781
28000,21,4.267847426596814
29000,21,4.185927084439431
30000,21,4.134389765040159
1000,23,20.68290728315952
2000,23,16.55773914690212
3000,23,11.341525941993995
4000,23,8.746308188252101
5000,23,7.5576819668963475
6000,23,6.4834634210042434
7000,23,5.726769090639309
8000,23,5.168598544726225
9000,23,4.72073579468369
10000,23,4.501398614296136
11000,23,4.586918724131195
12000,23,4.7074484146557465
13000,23,4.838356413218476
14000,23,4.810948771846665
15000,23,4.864394664416991
16000,23,4.868384438702941
17000,23,4.84507648537465
18000,23,4.727790852048631
19000,23,4.699568357578456
20000,23,4.681143801711607
21000,23,4.649467161527468
22000,23,4.600759655303545
23000,23,4.499322091188677
24000,23,4.394755970017901
25000,23,4.310236165328772
26000,23,4.2250053923721795
27000,23,4.1312962200949075
28000,23,4.048805655000367
29000,23,3.975539676275078
30000,23,3.928898422861796
1000,25,19.227523650250284
2000,25,15.606711795919049
3000,25,10.722007905152893
4000,25,8.326797368768757
5000,25,7.194249385548594
6000,25,6.206838787738166
7000,25,5.520675480247327
8000,25,4.989499784801521
9000,25,4.564485094234152
10000,25,4.358744749202345
11000,25,4.446877667726607
12000,25,4.5645834277776585
13000,25,4.6941294897263095
14000,25,4.661364863922012
15000,25,4.699985649307693
16000,25,4.704396509449846
17000,25,4.679834275898475
18000,25,4.5784366044481475
19000,25,4.549430120165487
20000,25,4.534561375884882
21000,25,4.509397876965951
22000,25,4.4558677739887775
23000,25,4.3541524181180975
24000,25,4.252842941095917
25000,25,4.1691253268440125
26000,25,4.0841838782791005
27000,25,3.996374762787331
28000,25,3.9172625481357404
29000,25,3.8438446943829834
30000,25,3.79834015197191
1000,27,18.17224217568272
2000,27,14.819638606857493
3000,27,10.418294527950183
4000,27,8.271007495491025
5000,27,7.131432069290325
6000,27,6.204036659626572
7000,27,5.509162243938689
8000,27,4.95242077652626
9000,27,4.550403967497055
10000,27,4.349890646339677
11000,27,4.405356996278315
12000,27,4.531607421307259
13000,27,4.697975989388781
14000,27,4.659174106970905
15000,27,4.696192139695022
16000,27,4.708594049450094
17000,27,4.674875525468949
18000,27,4.561018276120347
19000,27,4.5232337476943805
20000,27,4.50112084451944
21000,27,4.4781312130707365
22000,27,4.429792328516548
23000,27,4.328894204723571
24000,27,4.227871107680306
25000,27,4.142969685056846
26000,27,4.054930892263565
27000,27,3.968081606607303
28000,27,3.890024573532101
29000,27,3.8180216691094255
30000,27,3.7728800867552095
1000,29,17.17663359857985
2000,29,13.926419316994597
3000,29,9.927909157842766
4000,29,7.919672290095281
5000,29,6.835498853047189
6000,29,5.985449851247844
7000,29,5.331125902531614
8000,29,4.802657710572276
9000,29,4.412775873155728
10000,29,4.218842752921712
11000,29,4.265674311087638
12000,29,4.373788885113838
13000,29,4.526266228174033
14000,29,4.49675203325326
15000,29,4.5265701716778795
16000,29,4.5424115420424815
17000,29,4.5207290418333415
18000,29,4.410708141392542
19000,29,4.376636325221264
20000,29,4.358391236478432
21000,29,4.343240764999573
22000,29,4.3096969665276905
23000,29,4.222257455951746
24000,29,4.131063770176451
25000,29,4.049949275120034
26000,29,3.962378184558596
27000,29,3.8808917971665853
28000,29,3.806556587517611
29000,29,3.7368123194850686
30000,29,3.693037905407748
1000,31,16.309490644328964
2000,31,13.409566663995637
3000,31,9.52031967620999
4000,31,7.616439528027789
5000,31,6.572331628488444
6000,31,5.826095626186125
7000,31,5.211086927974608
8000,31,4.6975164485983285
9000,31,4.325941527992402
10000,31,4.1472066756784525
11000,31,4.198409795008713
12000,31,4.310594053404673
13000,31,4.4567476937598425
14000,31,4.41435495623734
15000,31,4.435359867592608
16000,31,4.441600610174638
17000,31,4.413550715110808
18000,31,4.3045077204886155
19000,31,4.268180713836123
20000,31,4.250359072704564
21000,31,4.23634452405061
22000,31,4.205176303962253
23000,31,4.12493977854414
24000,31,4.040120577861632
25000,31,3.9680516770069403
26000,31,3.8828377539061534
27000,31,3.804108333362143
28000,31,3.7328560049885127
29000,31,3.669269253438327
30000,31,3.626169569164604
1000,33,15.535828711349412
2000,33,12.951985339163006
3000,33,9.216009777338533
4000,33,7.375892856748977
5000,33,6.390268132978384
6000,33,5.67777384422481
7000,33,5.094153729637592
8000,33,4.602207826238463
9000,33,4.259032620319241
10000,33,4.108767247264692
11000,33,4.1700748456601024
12000,33,4.29777483243687
13000,33,4.455612642678773
14000,33,4.420679668083113
15000,33,4.438168426021675
16000,33,4.436958495961079
17000,33,4.412438689260408
18000,33,4.30270836290275
19000,33,4.264480780458422
20000,33,4.249682824877693
21000,33,4.237990117651179
22000,33,4.201180872786717
23000,33,4.118316727746998
24000,33,4.037993569686959
25000,33,3.9671323577319724
26000,33,3.884196163934593
27000,33,3.8085153870816746
28000,33,3.736473260595901
29000,33,3.6697817996291957
30000,33,3.628427334650361
1000,35,14.719521056411612
2000,35,12.28332587692157
3000,35,8.768773964661271
4000,35,7.059924131111735
5000,35,6.150347049120253
6000,35,5.467233101352085
7000,35,4.902935397311342
8000,35,4.448584935963256
9000,35,4.115512756017689
10000,35,3.967374522994288
11000,35,4.028860671280466
12000,35,4.154270377115135
13000,35,4.3148364300761175
14000,35,4.285901946600644
15000,35,4.306540521417011
16000,35,4.3096880318694115
17000,35,4.289225131284224
18000,35,4.193092933170611
19000,35,4.156135891142447
20000,35,4.138744693270997
21000,35,4.1257516471993965
22000,35,4.0889853145635335
23000,35,4.009018462245772
24000,35,3.932988270135691
25000,35,3.865905538500668
26000,35,3.7854474240271188
27000,35,3.7148671985321444
28000,35,3.6451050080785885
29000,35,3.58130733905729
30000,35,3.543580662045745
1000,37,13.923871269578552
2000,37,11.703851826137825
3000,37,8.354867612214132
4000,37,6.750122694122395
5000,37,5.893598458353233
6000,37,5.239298595870235
7000,37,4.694468105837759
8000,37,4.26352305949959
9000,37,3.9534676254948744
10000,37,3.8065894235884135
11000,37,3.874570167087369
12000,37,3.99428784259699
13000,37,4.158181259942436
14000,37,4.145157943266685
15000,37,4.169352976508141
16000,37,4.174923380585291
17000,37,4.154337826811971
18000,37,4.060014535394219
19000,37,4.0245040952504745
20000,37,4.002523981098825
21000,37,3.9892743628652494
22000,37,3.9544208809844674
23000,37,3.881434839778542
24000,37,3.8116258112393746
25000,37,3.749769471183133
26000,37,3.6716334494554252
27000,37,3.6051918741300453
28000,37,3.537741705916497
29000,37,3.476400181728509
30000,37,3.44042414613609
1000,39,13.338077332670716
2000,39,11.20461484234717
3000,39,8.02115950570996
4000,39,6.529068485079422
5000,39,5.743231878637465
6000,39,5.1141815974946265
7000,39,4.594720938814253
8000,39,4.179148301391179
9000,39,3.8743598185980823
10000,39,3.7271284149432256
11000,39,3.788997466508794
12000,39,3.906361315196376
13000,39,4.067292097844678
14000,39,4.055867737618812
15000,39,4.0786010251804035
16000,39,4.085075546419909
17000,39,4.063507629390816
18000,39,3.9774950572733494
19000,39,3.9511351839678017
20000,39,3.9332820009995455
21000,39,3.9171949220238673
22000,39,3.8818305750689683
23000,39,3.8115560706540643
24000,39,3.7431952940074193
25000,39,3.684074512780832
26000,39,3.6098712297453988
27000,39,3.5468467708312508
28000,39,3.484569415428318
29000,39,3.4255445865021175
30000,39,3.390673678571223
1000,41,12.502837848277924
2000,41,10.5768971756721
3000,41,7.589565484720003
4000,41,6.210813247935655
5000,41,5.47979614514934
6000,41,4.9041364795307265
7000,41,4.416645477591378
8000,41,4.022631722396462
9000,41,3.733215138826611
10000,41,3.589054124085705
11000,41,3.6545874471454654
12000,41,3.7719138473349805
13000,41,3.898036261102789
14000,41,3.884834346059592
15000,41,3.902073063227964
16000,41,3.907988984593167
17000,41,3.8882023497947222
18000,41,3.8080400297796584
19000,41,3.7895147252329857
20000,41,3.7792406515564503
21000,41,3.77177146354418
22000,41,3.738529280999628
23000,41,3.6730224725656777
24000,41,3.604199844437537
25000,41,3.555715915839154
26000,41,3.4902930598174393
27000,41,3.4292692187804974
28000,41,3.3741977979873794
29000,41,3.3235220827853134
30000,41,3.296250129629481
1000,43,12.273664511615713
2000,43,10.338395571730905
3000,43,7.401406188671693
4000,43,6.045069313130025
5000,43,5.315470943332534
6000,43,4.770141776038788
7000,43,4.305395272423868
8000,43,3.927689880245204
9000,43,3.664583256077735
10000,43,3.51668133769315
11000,43,3.5883922187235577
12000,43,3.700886685705459
13000,43,3.8228675485380603
14000,43,3.8152973168398656
15000,43,3.8326845314761533
16000,43,3.8327584693249226
17000,43,3.8075403681700615
18000,43,3.7319584454893726
19000,43,3.714729032887048
20000,43,3.7036450471533766
21000,43,3.6933623183367015
22000,43,3.6642263643017103
23000,43,3.601076084006702
24000,43,3.5347119505192
25000,43,3.487072320976307
26000,43,3.425096682708159
27000,43,3.3636522879753095
28000,43,3.3110616593736886
29000,43,3.2638183344888945
30000,43,3.2372249353317333
1000,45,12.06486213821236
2000,45,10.061287147117902
3000,45,7.190921149085265
4000,45,5.877472201256657
5000,45,5.208051568072097
6000,45,4.70445507108165
7000,45,4.261493194544692
8000,45,3.899490400341477
9000,45,3.6458834449196136
10000,45,3.4914842310835525
11000,45,3.555347221984615
12000,45,3.6637404330885377
13000,45,3.7728248771032264
14000,45,3.7701053063976038
15000,45,3.7885556644425282
16000,45,3.789274963759212
17000,45,3.76764071738009
18000,45,3.702633725419041
19000,45,3.688733525667721
20000,45,3.676083704235304
21000,45,3.6664605817236224
22000,45,3.635625438379016
23000,45,3.575628096350052
24000,45,3.507171774592836
25000,45,3.4559056423729526
26000,45,3.3950830400444394
27000,45,3.336412437467924
28000,45,3.283620500045721
29000,45,3.237028849677242
30000,45,3.2109115170846114
1000,47,11.67188799052434
2000,47,9.756898189275619
3000,47,7.016505290194462
4000,47,5.763471510508007
5000,47,5.1199500415477965
6000,47,4.632660321254068
7000,47,4.186241080586118
8000,47,3.817428340748106
9000,47,3.5762919261835506
10000,47,3.4276765288273827
11000,47,3.493119997012864
12000,47,3.5913937896501547
13000,47,3.7040092220076284
14000,47,3.7120236251488095
15000,47,3.738187598667191
16000,47,3.7292364891776995
17000,47,3.710032587261581
18000,47,3.651896327849519
19000,47,3.641031419604038
20000,47,3.630130242509783
21000,47,3.6210654946292986
22000,47,3.5862379582405506
23000,47,3.521452791289186
24000,47,3.4491298934725183
25000,47,3.3991131505672545
26000,47,3.3389943262055604
27000,47,3.27650328573028
28000,47,3.219689122148428
29000,47,3.1705237731166473
30000,47,3.138248276585649
1000,49,11.351034934736624
2000,49,9.408954072067619
3000,49,6.7814475460967465
4000,49,5.5753266218275455
5000,49,4.964192707294079
6000,49,4.489743251616339
7000,49,4.043708196269795
8000,49,3.6889702638954374
9000,49,3.4456779901493753
10000,49,3.2998287195640352
11000,49,3.366588669852803
12000,49,3.4664212813789175
13000,49,3.5751515350390854
14000,49,3.5896391649025228
15000,49,3.6155378224353307
16000,49,3.6061566881223452
17000,49,3.5895086647109054
18000,49,3.5299725544769407
19000,49,3.5201192460765296
20000,49,3.5147113609854412
21000,49,3.5074331450554124
22000,49,3.477379333905599
23000,49,3.417794229524682
24000,49,3.3502940777498975
25000,49,3.3009723680902687
26000,49,3.2437253933725176
27000,49,3.1849696878216296
28000,49,3.1300998543733694
29000,49,3.0813393756218703
30000,49,3.0510600521856
1000,51,10.933337511754498
2000,51,9.118627168599023
3000,51,6.574374342092529
4000,51,5.405331412373169
5000,51,4.823797321774439
6000,51,4.365631257908819
7000,51,3.9448325812245497
8000,51,3.5943144452724902
9000,51,3.362648169763061
10000,51,3.2159674722009393
11000,51,3.2811804150686967
12000,51,3.375320996259833
13000,51,3.4800671881123026
14000,51,3.4989428318243743
15000,51,3.5249540482276402
16000,51,3.511704065986846
17000,51,3.498828373497829
18000,51,3.4492475294701257
19000,51,3.438781052274815
20000,51,3.43328001077837
21000,51,3.4286760988123244
22000,51,3.40267265872758
23000,51,3.346551407839407
24000,51,3.283889709422192
25000,51,3.2333880650261198
26000,51,3.1766076760706996
27000,51,3.1175776396694803
28000,51,3.0622817438921195
29000,51,3.014131336436629
30000,51,2.9841740428310986
1000,53,9.295123336915362
2000,53,7.830413044604466
3000,53,5.619847712159874
4000,53,4.734232203983272
5000,53,4.365156476665322
6000,53,4.016129338453829
7000,53,3.660885027493834
8000,53,3.3598201068500773
9000,53,3.1419148749065777
10000,53,2.991732030827706
11000,53,2.994742952400832
12000,53,3.0329843132075074
13000,53,3.111406788542838
14000,53,3.134550282175468
15000,53,3.172859978800179
16000,53,3.1736365673217395
17000,53,3.1754211237826517
18000,53,3.140908525007883
19000,53,3.1353053446213077
20000,53,3.13706403463764
21000,53,3.126080821219755
22000,53,3.095618964589284
23000,53,3.0477772416730344
24000,53,2.9943721269099104
25000,53,2.9575179033734003
26000,53,2.9112861223425637
27000,53,2.861502610479606
28000,53,2.819177688648036
29000,53,2.781051015948093
30000,53,2.756010068598537
1000,55,8.688753637882003
2000,55,7.4268028956918535
3000,55,5.353605121558735
4000,55,4.544754707242702
5000,55,4.203859881761825
6000,55,3.876925484185304
7000,55,3.531090043454502
8000,55,3.248854311170279
9000,55,3.0382330878736945
10000,55,2.8927894562158705
11000,55,2.8738407347941646
12000,55,2.87214811264613
13000,55,2.919917594075305
14000,55,2.9455537248924974
15000,55,2.9823382716075724
16000,55,2.983199094630651
17000,55,2.9847424968849885
18000,55,2.959456801243769
19000,55,2.9585988102287173
20000,55,2.9645204079919707
21000,55,2.955818765818079
22000,55,2.9341912446657274
23000,55,2.8982656207145276
24000,55,2.8519861727675258
25000,55,2.822554234970191
26000,55,2.7829712227789765
27000,55,2.740240971105383
28000,55,2.7043379289098954
29000,55,2.6701847220258133
30000,55,2.648540911776858
1000,57,8.28942249122953
2000,57,7.124943656106319
3000,57,5.159458444037736
4000,57,4.411947925417447
5000,57,4.106625513899711
6000,57,3.7968625028170364
7000,57,3.4620102923010903
8000,57,3.1887622662193436
9000,57,2.982345680422532
10000,57,2.8377366784933846
11000,57,2.81354493664597
12000,57,2.798661633285973
13000,57,2.840274376534099
14000,57,2.8684446978199896
15000,57,2.903432925372051
16000,57,2.9045289154504688
17000,57,2.905169868899048
18000,57,2.8826167147046777
19000,57,2.882013854279573
20000,57,2.887609067716934
21000,57,2.8799253441754167
22000,57,2.8591708851585085
23000,57,2.8283837747364937
24000,57,2.786533032001129
25000,57,2.7584064040105387
26000,57,2.7225062112680503
27000,57,2.6807795122777587
28000,57,2.6437073315794
29000,57,2.6100352870615637
30000,57,2.588245199443859
1000,59,8.008425118645478
2000,59,6.918544813913007
3000,59,5.0261907880124985
4000,59,4.297515040196641
5000,59,3.9996191711986824
6000,59,3.6975285405957448
7000,59,3.3893340631920585
8000,59,3.127365645235009
9000,59,2.9251090622374
10000,59,2.779328517531482
11000,59,2.7595782026109137
12000,59,2.7601729938565702
13000,59,2.81107674026744
14000,59,2.8443839780930475
15000,59,2.879547962736056
16000,59,2.881283556524082
17000,59,2.879543034786523
18000,59,2.8533264416538144
19000,59,2.850807812571862
20000,59,2.8528950911891533
21000,59,2.8428454666985457
22000,59,2.824613016706591
23000,59,2.7964458174743485
24000,59,2.755536785000067
25000,59,2.7267346423879304
26000,59,2.694407377932108
27000,59,2.654693637588693
28000,59,2.618064130246756
29000,59,2.585340811114305
30000,59,2.5646982883361416
