specification,Year,raw_p05,bh_q05
Queen contiguity,2005,16,0
Queen contiguity,2006,16,0
Queen contiguity,2007,16,0
Queen contiguity,2008,16,0
Queen contiguity,2009,14,0
Queen contiguity,2010,17,0
Queen contiguity,2011,17,0
Queen contiguity,2012,17,0
Queen contiguity,2013,18,0
Queen contiguity,2014,17,0
Queen contiguity,2015,18,0
Queen contiguity,2016,20,0
Queen contiguity,2017,19,0
Queen contiguity,2018,20,0
Queen contiguity,2019,20,0
Queen contiguity,2020,20,0
Queen contiguity,2021,19,0
Rook contiguity,2005,16,0
Rook contiguity,2006,17,0
Rook contiguity,2007,14,0
Rook contiguity,2008,16,0
Rook contiguity,2009,15,0
Rook contiguity,2010,16,0
Rook contiguity,2011,17,0
Rook contiguity,2012,17,0
Rook contiguity,2013,19,0
Rook contiguity,2014,18,0
Rook contiguity,2015,18,0
Rook contiguity,2016,18,0
Rook contiguity,2017,18,0
Rook contiguity,2018,20,0
Rook contiguity,2019,19,0
Rook contiguity,2020,21,0
Rook contiguity,2021,18,8
