Year,spearman,median_absolute_change,opposite_sign
2005,0.9988552710365959,0,0
2006,0.9983621570215911,0,0
2007,0.9966890916135394,0,0
2008,0.9966890916135394,0,0
2009,0.9975168187101546,0,2
2010,0.9961431439540698,0,0
2011,0.9965482018949666,0,1
2012,0.996530590680145,0,1
2013,0.9972702617026522,0,1
2014,0.9976400972139057,0,1
2015,0.9979218766510513,0,1
2016,0.9974992074953329,0,0
2017,0.9972526504878305,0,0
2018,0.9962312000281779,0,1
2019,0.9983093233771265,0,2
2020,0.9982388785178401,0,0
2021,0.9982564897326617,0,0
