County,NAME_2,GDPPC,ii,p_ii,p_ii_sim,p_bh,lag_GDPPC,z_GDPPC,z_lag,quadrant,cluster,cluster_bh
Anxiang,Changde,23667,-0.0014684677070746306,0.9495966691671855,0.824,0.9196000000000001,24847.2,-0.04920594876821603,0.02950416789803777,Low-High,Not flagged,Not flagged
Hanshou,Changde,20981,0.02587817276322796,0.8030060826723607,0.958,0.9843720930232558,22724.8,-0.22834115751720585,-0.11204332541873657,Low-Low,Not flagged,Not flagged
Jinshi,Changde,34592,-0.01198764569659463,0.9699669089188617,0.82,0.9196000000000001,24143.25,0.6794061717018933,-0.01744379569051447,High-Low,Not flagged,Not flagged
Li,Changde,24473,0.0010224677031573886,0.6462078359572663,0.552,0.8674285714285714,27737.5,0.00454795229346892,0.22226459003028098,High-High,Not flagged,Not flagged
Linli,Changde,25554,0.014814880515589803,0.7289944757546184,0.652,0.9196000000000001,27270.25,0.07664220421366921,0.19110266661703995,High-High,Not flagged,Not flagged
Shimen,Changde,27137,-0.038793829003150614,0.6137551513006947,0.762,0.9196000000000001,21248.8,0.1822159329737775,-0.21048099039025892,High-Low,Not flagged,Not flagged
Liuyang,Changsha,63118,3.368821673034539,0.007180531222596003,0.046,0.24847058823529414,43747,2.581867439301924,1.289973124828104,High-High,High-High,Not flagged
Ningxiang,Changsha,62202,1.5606895997342651,0.0714123984182259,0.12,0.4022857142857143,33582.71428571428,2.520777397896833,0.6120947021873941,High-High,Not flagged,Not flagged
Wangcheng,Changsha,70666,4.421958618124941,1.8413376624741096e-4,0.01,0.11,45651.166666666664,3.085260051229465,1.4169661603181267,High-High,High-High,Not flagged
Anren,Chenzhou,12761,-0.3993225757761269,0.1555188551111069,0.18,0.495,32027.625,-0.7765509177244643,0.5083823999462378,Low-High,Not flagged,Not flagged
Guidong,Chenzhou,8497,-0.5916013686913142,0.3605133939319613,0.376,0.719304347826087,32671,-1.060926394308862,0.5512904844320461,Low-High,Not flagged,Not flagged
Jiahe,Chenzhou,32091,-0.12430831039907643,0.5994179849266215,0.706,0.9196000000000001,20810,0.5126090171668138,-0.23974552114195538,High-Low,Not flagged,Not flagged
Linwu,Chenzhou,23986,-0.0024620716055078823,0.8779484803807942,0.712,0.9196000000000001,25711.5,-0.02793114177233824,0.087146223341728,Low-High,Not flagged,Not flagged
Rucheng,Chenzhou,11286,-0.36991660620101674,0.4846021583965253,0.436,0.7937254901960785,30672.333333333332,-0.8749218905110465,0.41799503746518796,Low-High,Not flagged,Not flagged
Yizhang,Chenzhou,17814,-0.2684365744688945,0.24436769904830594,0.264,0.6336,33457.75,-0.43955530722236247,0.603760560933635,Low-High,Not flagged,Not flagged
Yongxing,Chenzhou,37651,0.4341079855075867,0.23434678282446358,0.238,0.5983999999999999,31689.200000000004,0.8834175654335239,0.4858120972578993,High-High,Not flagged,Not flagged
Zixing,Chenzhou,65706,-0.7684863440367707,0.5297063466791467,0.6,0.9103448275862068,20269,2.7544668139267885,-0.2758259931945255,High-Low,Not flagged,Not flagged
Changning,Hengyang,24418,-2.9868222348036826e-5,0.9520145791757046,0.892,0.9572682926829269,23901.6,8.798821217658528e-4,-0.03355996218127896,High-Low,Not flagged,Not flagged
Hengdong,Hengyang,27485,0.009996390930295694,0.9021393678768096,0.83,0.9196000000000001,25126.166666666664,0.2054248133329169,0.04810906442348202,High-High,Not flagged,Not flagged
Hengnan,Hengyang,21911,0.028064382302494917,0.6563174293176282,0.776,0.9196000000000001,21903.42857142857,-0.16631742552295398,-0.1668223806375001,Low-Low,Not flagged,Not flagged
Hengshan,Hengyang,25172,-0.005820079094614708,0.7921693179237682,0.954,0.9843720930232558,22718.600000000002,0.05116578956656791,-0.11245681696536494,High-Low,Not flagged,Not flagged
Leiyang,Hengyang,26105,0.01158071838447556,0.820080853313784,0.708,0.9196000000000001,25918.800000000003,0.11338959811563994,0.10097151327980156,High-High,Not flagged,Not flagged
Qidong,Hengyang,18001,0.1180600639388815,0.44154068268963986,0.484,0.819076923076923,20306.999999999996,-0.42708386863857206,-0.27329169016680344,Low-Low,Not flagged,Not flagged
Chenxi,Huaihua,17026,0.14543648865842487,0.5402323660449552,0.62,0.9196000000000001,20023.800000000003,-0.4921087489551264,-0.2921789169418272,Low-Low,Not flagged,Not flagged
Zhongfang,Huaihua,30846,-0.2268458460473911,0.26543259710261247,0.17,0.4825806451612904,16576.800000000003,0.4295772469164444,-0.5220668784301995,High-Low,Not flagged,Not flagged
Huitong,Huaihua,14334,0.2599701583130945,0.4346184026392338,0.456,0.7937254901960785,18667,-0.6716441108137565,-0.3826668734684949,Low-Low,Not flagged,Not flagged
Jingzhou,Huaihua,20348,0.18269968420276705,0.25141654876521746,0.136,0.4126896551724138,14394.666666666664,-0.27055731058426113,-0.6675981182607265,Low-Low,Not flagged,Not flagged
Mayang,Huaihua,13744,0.21851826829944332,0.4361663152774293,0.458,0.7937254901960785,19848.800000000003,-0.7109924999283894,-0.30385004930633697,Low-Low,Not flagged,Not flagged
Tongdao,Huaihua,12781,0.46482435568736763,0.300099301533697,0.212,0.5538823529411765,15516.333333333332,-0.7752170740256632,-0.5927917174862972,Low-Low,Not flagged,Not flagged
Xinhuang,Huaihua,15412,0.15725393841675397,0.7962359500162147,0.98,0.9912643678160921,20518,-0.5997499354483764,-0.2592196391444517,Low-Low,Not flagged,Not flagged
Xupu,Huaihua,13863,0.32406155137550324,0.17469087587801466,0.122,0.4022857142857143,17572,-0.7030561299205228,-0.45569481597785594,Low-Low,Not flagged,Not flagged
Yuanling,Huaihua,24194,0.008729849267761674,0.0940883938901017,0.026,0.176,15200.125,-0.014059167304806641,-0.6138803421325508,Low-Low,Low-Low,Not flagged
Zhijiang,Huaihua,20518,0.10476255481613851,0.353906598900187,0.346,0.719304347826087,18413.8,-0.2592196391444517,-0.399553334695317,Low-Low,Not flagged,Not flagged
Lengshuijiang,Loudi,64257,-1.7903345831597368,0.23900624942110785,0.126,0.4022857142857143,14419.333333333332,2.6578298379486474,-0.6659530443655384,High-Low,Not flagged,Not flagged
Shuangfeng,Loudi,17755,0.00928354096733069,0.935523887932272,0.94,0.9843720930232558,24094.5,-0.44349014613382576,-0.02069503970634219,Low-Low,Not flagged,Not flagged
Xinhua,Loudi,13398,0.11810226057468975,0.6794564373277625,0.808,0.9196000000000001,22019.833333333336,-0.7340679959176488,-0.1590590927286446,Low-Low,Not flagged,Not flagged
Chengbu,Shaoyang,10132,0.7372487106695648,0.10753386359401498,0.02,0.14666666666666667,12923.5,-0.9518846719318709,-0.7657134376717052,Low-Low,Low-Low,Not flagged
Dongan,Yongzhou,20901,0.15209925117367695,0.20637778317657698,0.07,0.3334736842105263,14756,-0.2336765323124103,-0.643500008769053,Low-Low,Not flagged,Not flagged
Dongkou,Shaoyang,13240,0.5291750325247305,0.11013166139902154,0.02,0.14666666666666667,13869.800000000001,-0.7446053611381775,-0.7026026230629304,Low-Low,Low-Low,Not flagged
Longhui,Shaoyang,9572,0.8080050794944535,0.034214987546016436,0.002,0.058666666666666666,12296.666666666666,-0.9892322954983022,-0.8075183222649635,Low-Low,Low-Low,Not flagged
Shaodong,Shaoyang,25246,-0.032658914175159176,0.1517255666418663,0.072,0.3334736842105263,15775.166666666664,0.05610101125213203,-0.5755295569509794,High-Low,Not flagged,Not flagged
Suining,Shaoyang,16069,0.3758488018468057,0.07680114458350878,0.01,0.11,14382.85714285714,-0.5559331699427598,-0.6683857212066853,Low-Low,Low-Low,Not flagged
Wugang,Shaoyang,12112,0.7100317290396846,0.03569860297841537,0.002,0.058666666666666666,11566.333333333332,-0.8198341457505605,-0.8562258479995175,Low-Low,Low-Low,Not flagged
Xinning,Shaoyang,10732,0.6892785149135859,0.13103660304068765,0.016,0.1408,13199.5,-0.9118693609678374,-0.7473063946282498,Low-Low,Low-Low,Not flagged
Xinshao,Shaoyang,11514,0.057578210396067524,0.8649153784048692,0.998,0.998,23412,-0.8597160723447138,-0.06621245592793032,Low-Low,Not flagged,Not flagged
Shaoshan,Xiangtan,55570,2.122265901917426,0.056292340812571645,0.118,0.4022857142857143,39541,2.078474827374383,1.0094657949702293,High-High,Not flagged,Not flagged
Xiangxiang,Xiangtan,29361,0.2627077784588989,0.08303973525072335,0.128,0.4022857142857143,36186.600000000006,0.33053935228046155,0.7857535298073062,High-High,Not flagged,Not flagged
Baojing,Xiangxi Tujia and Miao,14563,0.347370188576312,0.2287043141511415,0.142,0.41653333333333326,16559.6,-0.6563716004624838,-0.5232139840111685,Low-Low,Not flagged,Not flagged
Fenghuang,Xiangxi Tujia and Miao,13382,0.18013082300138664,0.6469428149509995,0.776,0.9196000000000001,20772.5,-0.7351350708766896,-0.24224647807720745,Low-Low,Not flagged,Not flagged
Guzhang,Xiangxi Tujia and Miao,11580,0.284661464123684,0.47235372291934336,0.538,0.8674285714285714,19471.2,-0.8553143881386701,-0.3290330183397021,Low-Low,Not flagged,Not flagged
Huayuan,Xiangxi Tujia and Miao,20337,0.08377211271567474,0.6183060584437176,0.752,0.9196000000000001,19827.333333333332,-0.27129092461860177,-0.30528170820971684,Low-Low,Not flagged,Not flagged
Jishou,Xiangxi Tujia and Miao,31537,-0.2867986420628533,0.18525799862709358,0.078,0.3432,15466.8,0.4756615467100229,-0.5960952037136613,High-Low,Not flagged,Not flagged
Longshan,Xiangxi Tujia and Miao,9754,0.7566311403130166,0.1852225937933194,0.038,0.23466666666666666,12925.666666666666,-0.977094317839212,-0.7655689379376684,Low-Low,Low-Low,Not flagged
Luxi,Xiangxi Tujia and Miao,17472,0.1817670407780025,0.35717250242505133,0.358,0.719304347826087,18577.166666666664,-0.46236403447186153,-0.3886580547489432,Low-Low,Not flagged,Not flagged
Yongshun,Xiangxi Tujia and Miao,9590,0.6306427113223289,0.13973723444231062,0.04,0.23466666666666666,14943,-0.9880318361693812,-0.6310285701852626,Low-Low,Low-Low,Not flagged
Anhua,Yiyang,14567,-0.022492640159842994,0.9288991955095457,0.83,0.9196000000000001,24912.999999999996,-0.6561048317227236,0.03389251366709348,Low-High,Not flagged,Not flagged
Nan,Yiyang,21311,-0.009578927119671772,0.9351052295381169,0.76,0.9196000000000001,25093,-0.20633273648698744,0.04589710695630351,Low-High,Not flagged,Not flagged
Yuanjiang,Yiyang,26258,2.0004230492713188e-4,0.9833546737989692,0.836,0.9196000000000001,24428.8,0.12359350241146848,0.0016001577191184502,High-High,Not flagged,Not flagged
Jianghua,Yongzhou,15801,0.28651126877941585,0.31334372750498296,0.276,0.6336,17003,-0.5738066755066947,-0.4936426692087477,Low-Low,Not flagged,Not flagged
Lanshan,Yongzhou,20088,0.06333361690996407,0.6541480368257317,0.806,0.9196000000000001,21143.75,-0.28789727866867565,-0.21748700441821175,Low-Low,Not flagged,Not flagged
Ningyuan,Yongzhou,12697,0.20910202194537852,0.4415284739388541,0.506,0.8401509433962264,20435,-0.7808192175606279,-0.26475509049447626,Low-Low,Not flagged,Not flagged
Shuangpai,Yongzhou,21942,0.08059080955360834,0.3962268059801231,0.37,0.719304347826087,17131.333333333332,-0.16424996778981224,-0.4850838388081072,Low-Low,Not flagged,Not flagged
Xintian,Yongzhou,14426,-0.007405020996777023,0.9919192139953549,0.824,0.9196000000000001,24569.75,-0.6655084297992714,0.011000421186419307,Low-High,Not flagged,Not flagged
Huarong,Yueyang,30413,-0.015388758505683466,0.9700244919148685,0.758,0.9196000000000001,23835.5,0.40069953083740023,-0.037968315605816635,High-Low,Not flagged,Not flagged
Linxiang,Yueyang,31897,0.06590402693791497,0.8908680120697248,0.552,0.8674285714285714,26360,0.49967073328844297,0.13039610527535417,High-High,Not flagged,Not flagged
Miluo,Yueyang,42497,1.870371877284483,0.0010739059038354143,0.01,0.11,47383.40000000001,1.2066078936530342,1.5324925861441228,High-High,High-High,Not flagged
Pingjiang,Yueyang,17252,-0.9896382960891656,2.6681959365477563e-5,0.004,0.0704,55157.75,-0.47703631515867384,2.0509809741328455,Low-High,Low-High,Not flagged
Xiangyin,Yueyang,33983,0.5452517170205015,0.07471069715895243,0.122,0.4022857142857143,37058.00000000001,0.6387906310733993,0.843869099764071,High-High,Not flagged,Not flagged
Cili,Zhangjiajie,18714,0.07317633854915571,0.7438129797825048,0.962,0.9843720930232558,21546.666666666664,-0.37953234077631226,-0.19061561156944762,Low-Low,Not flagged,Not flagged
Chaling,Zhuzhou,20078,0.020559018160661312,0.9056860363194,0.868,0.9430123456790123,23348.666666666664,-0.2885642005180762,-0.07043629430746712,Low-Low,Not flagged,Not flagged
Liling,Zhuzhou,41491,1.3774282828777844,0.04179460755078143,0.096,0.384,42323.66666666666,1.139515555603338,1.195047914930091,High-High,Not flagged,Not flagged
Yanling,Zhuzhou,21021,-0.06902089354136459,0.5060737202888603,0.46,0.7937254901960785,28938.6,-0.22567347011960362,0.302368573361782,Low-High,Not flagged,Not flagged
You,Zhuzhou,36264,0.07875040683638071,0.8028319761267869,0.692,0.9196000000000001,25880.8,0.7909155049216665,0.09843721025207944,High-High,Not flagged,Not flagged
Zhuzhou,Zhuzhou,27589,0.3286415051428774,1.8131045469242996e-4,0.004,0.0704,47345.666666666664,0.21236080056668272,1.529976067699051,High-High,High-High,Not flagged
Sangzhi,Zhangjiajie,14624,0.25053320531329637,0.32574109624131026,0.28,0.6336,18711.333333333332,-0.6523033771811404,-0.379710186602819,Low-Low,Not flagged,Not flagged
Yueyang,Yueyang,26360,0.04118876913824596,0.3882482672941721,0.366,0.719304347826087,29087.285714285714,0.13039610527535417,0.31228474851686916,High-High,Not flagged,Not flagged
Qiyang,Yongzhou,20638,0.061966182728301414,0.508439240970316,0.584,0.9016140350877192,20748.285714285717,-0.25121657695164495,-0.24386138169825594,Low-Low,Not flagged,Not flagged
Taojiang,Yiyang,19509,-0.2539368555313173,0.050959046619652046,0.084,0.35200000000000004,35933.71428571428,-0.3265120537489679,0.7688880289814652,Low-High,Not flagged,Not flagged
Shaoyang,Shaoyang,9653,0.5949949834207519,0.10655282760484026,0.048,0.24847058823529414,15439.714285714284,-0.9838302285181576,-0.5979016091800377,Low-Low,Low-Low,Not flagged
Lianyuan,Loudi,18346,-0.1467236228780473,0.28836618376370904,0.288,0.6336,29787.5,-0.4040750648342528,0.35898356915739515,Low-High,Not flagged,Not flagged
Hongjiang,Huaihua,17733,0.1878960735611021,0.3296554574781903,0.288,0.6336,18145,-0.44495737420250697,-0.41748019400720393,Low-Low,Not flagged,Not flagged
Hengyang,Hengyang,19382,0.06299737626484249,0.6791440877292219,0.816,0.9196000000000001,21617.000000000004,-0.33498196123635504,-0.18592492789533038,Low-Low,Not flagged,Not flagged
Guiyang,Chenzhou,32853,0.18240440590866272,0.3117603982278995,0.31,0.6653658536585366,29203.888888888883,0.5634284620911363,0.3200612690021017,High-High,Not flagged,Not flagged
Changsha,Changsha,88656,4.902201510418635,0.0014582123894121943,0.012,0.11733333333333335,41363.666666666664,4.2850524583010685,1.1310234173876375,High-High,High-High,Not flagged
Taoyuan,Changde,22879,0.01472940092770376,0.5852104530678204,0.63,0.9196000000000001,22259.09090909091,-0.10175939050097998,-0.14310248223791092,Low-Low,Not flagged,Not flagged
Xiangtan,Xiangtan,27060,0.24530072317757623,1.255740015280981e-4,0.002,0.058666666666666666,44939.555555555555,0.1770806347333932,1.3695072604905056,High-High,High-High,Not flagged
Dao,Yongzhou,18059,0.21420219780059355,0.2974037169968485,0.214,0.5538823529411765,16902,-0.4232157219120488,-0.5003785798876934,Low-Low,Not flagged,Not flagged
Jiangyong,Yongzhou,17168,0.24336620160484618,0.46468876697291517,0.45,0.7937254901960785,16930,-0.48263845869363853,-0.49851119870937177,Low-Low,Not flagged,Not flagged
