statistic,value
Moran's I,0.039607409560101545
Moran's I,-0.14816780518505912
Moran's I,-0.09490466967609335
Moran's I,-0.04028478511631007
Moran's I,-0.014451904557868525
Moran's I,-0.02505234546644485
Moran's I,0.2176132610818362
Moran's I,-0.04848842871344929
Moran's I,-0.11302169025398028
Moran's I,0.031011828130342374
Moran's I,-0.06807762009447507
Moran's I,0.05865507625313957
Moran's I,-0.00899014721985681
Moran's I,0.061063434026211214
Moran's I,0.09505890137679102
Moran's I,-0.07020658006540549
Moran's I,0.0074374827994817694
Moran's I,0.058146594287074006
Moran's I,0.0513646557388566
Moran's I,0.02595683799392919
Moran's I,-0.022084627176644826
Moran's I,-0.08293749054477871
Moran's I,-0.018673381302406877
Moran's I,0.04838318604036711
Moran's I,-0.04530101240435689
Moran's I,-0.0248057971016185
Moran's I,-0.05348716803821885
Moran's I,0.021836410989067984
Moran's I,-0.026577816647227064
Moran's I,0.009041132921552664
Moran's I,0.10173511522684998
Moran's I,0.026955311972700215
Moran's I,0.0034245928441748
Moran's I,0.07224180424571815
Moran's I,-0.0473522823255771
Moran's I,-0.025678420677935604
Moran's I,0.0017540365422564833
Moran's I,0.09132844182840294
Moran's I,-0.07353896253915258
Moran's I,-0.015608911267364333
Moran's I,-0.023062871829993222
Moran's I,-0.11328230115893796
Moran's I,0.10992285393382953
Moran's I,0.035638611578327276
Moran's I,-0.05608016317700055
Moran's I,-2.675615268599343e-4
Moran's I,-0.05879809967788725
Moran's I,0.18064527849637593
Moran's I,-0.07691317243720461
Moran's I,0.04629764501086369
Moran's I,-0.04636950879487862
Moran's I,-0.07659981433119344
Moran's I,-0.09122953536859528
Moran's I,0.1105412369628771
Moran's I,-0.03909394985089182
Moran's I,-0.11570090375615771
Moran's I,0.03119094467002009
Moran's I,-0.06890751881686882
Moran's I,0.0636075489085703
Moran's I,0.015855172400211226
Moran's I,0.05533557846984376
Moran's I,0.07046601330316415
Moran's I,0.035914270994949274
Moran's I,-0.10757189371942029
Moran's I,0.02670203925934608
Moran's I,-0.027692439837315008
Moran's I,0.08062258570080269
Moran's I,0.013006873522600155
Moran's I,0.06912323902357949
Moran's I,0.0289268967850131
Moran's I,-0.04136927371501651
Moran's I,0.08763676885741893
Moran's I,0.037117039744333724
Moran's I,-0.08334362560150368
Moran's I,0.050952733021226146
Moran's I,-0.06124996045091264
Moran's I,-0.00898850859375294
Moran's I,-0.06238658894545722
Moran's I,0.01919826125410678
Moran's I,-0.16813473932054807
Moran's I,0.144917470273636
Moran's I,0.03092819080904146
Moran's I,0.0502700963976471
Moran's I,-0.07852501995169822
Moran's I,-0.15879807707357868
Moran's I,-0.0973755130180621
Moran's I,-0.049179536215824035
Moran's I,0.04367783938637937
Moran's I,0.006319897468116223
Moran's I,0.021323883171425802
Moran's I,-0.017873600975150915
Moran's I,0.03030907500179844
Moran's I,0.007473376948632317
Moran's I,-0.14156742498706618
Moran's I,-0.06360662975336315
Moran's I,-0.14015857421150313
Moran's I,0.003876031716602479
Moran's I,0.05064230695104234
Moran's I,0.01176351485700555
Moran's I,-0.06356930356408295
Moran's I,-0.10103772048088569
Moran's I,0.021887828778608495
Moran's I,0.033172989924692274
Moran's I,-0.05795701109311088
Moran's I,-0.0016007234379655432
Moran's I,-0.07916402920869585
Moran's I,-0.004952003580012664
Moran's I,0.06472011446220186
Moran's I,0.1376195832132814
Moran's I,-0.06600905019591354
Moran's I,-0.03264314394302731
Moran's I,0.039019548520176126
Moran's I,0.04928066353481249
Moran's I,-0.08738978382224188
Moran's I,-0.012905613380181525
Moran's I,-0.005378789909067721
Moran's I,-0.0694103073021839
Moran's I,-0.0035868297554108226
Moran's I,-0.043195357233499425
Moran's I,-0.0794965060514613
Moran's I,-0.033566700833242605
Moran's I,0.10367749799971432
Moran's I,-0.019901552145456677
Moran's I,-0.08546042862959731
Moran's I,0.010263465141666256
Moran's I,-0.007105113849786014
Moran's I,-0.08314106172182048
Moran's I,-0.06182792219713224
Moran's I,-0.06415876182184958
Moran's I,0.1985637030583704
Moran's I,-0.09923269613295581
Moran's I,-0.04941043051560581
Moran's I,0.052315172230177696
Moran's I,-0.012112587029070991
Moran's I,-0.051962255410318174
Moran's I,0.009954973362030998
Moran's I,-0.031671375813705306
Moran's I,-0.02625186370712987
Moran's I,-0.017719394265544933
Moran's I,0.004781898961181493
Moran's I,-0.017653809946100815
Moran's I,-0.10671550941370697
Moran's I,-0.12055408102058583
Moran's I,-0.13757013760827008
Moran's I,-0.0051746548046170985
Moran's I,0.07362650146595709
Moran's I,-5.285529062190911e-4
Moran's I,-0.059408079399650614
Moran's I,0.025576293634660387
Moran's I,-0.021364595614236884
Moran's I,0.08925210585107267
Moran's I,0.03620032195441163
Moran's I,-0.05854397615480104
Moran's I,0.006904401716865371
Moran's I,0.032924360776650834
Moran's I,0.05129986377455115
Moran's I,-0.05792108294221098
Moran's I,-0.05456136803458541
Moran's I,-0.07303283980021708
Moran's I,-0.09571672327518023
Moran's I,-0.04727082222266683
Moran's I,-0.10193112574964763
Moran's I,-0.07765338117186531
Moran's I,-0.04066517292858168
Moran's I,0.04358775708498391
Moran's I,0.011014583655305485
Moran's I,-0.07205706213045447
Moran's I,0.20994411250303396
Moran's I,0.02611492625709731
Moran's I,-0.04949857135752359
Moran's I,-0.022291577192353997
Moran's I,0.021163358407112132
Moran's I,0.06473749270881962
Moran's I,-0.07123224355598848
Moran's I,-0.08336951980243736
Moran's I,-0.043627576802049546
Moran's I,0.12343099314741782
Moran's I,0.007055135834194641
Moran's I,-0.011186437480856163
Moran's I,0.032286194940998415
Moran's I,-0.03171054045644343
Moran's I,-0.0922929952463271
Moran's I,0.1327462618690017
Moran's I,-0.03856153143771139
Moran's I,-0.05998822026440358
Moran's I,-0.09550522826554177
Moran's I,-0.09131766045156081
Moran's I,-0.092589388413731
Moran's I,-0.08894107699107959
Moran's I,0.06337068558866525
Moran's I,-0.12318127381083187
Moran's I,-0.034579447087162346
Moran's I,0.031316417581644655
Moran's I,0.12386589442167016
Moran's I,0.08014990212019972
Moran's I,-0.05064753100331354
Moran's I,-0.05633357339482488
Moran's I,-0.04706761992289791
Moran's I,-0.05083055441370857
Moran's I,-0.03059811543067173
Moran's I,-0.09909741742905247
Moran's I,-0.03786389039356459
Moran's I,-0.05679160321722274
Moran's I,0.11772250731546288
Moran's I,-0.15956658642630675
Moran's I,-0.06471709495768586
Moran's I,-0.11768032305692237
Moran's I,-0.10085489341314459
Moran's I,-0.07388043134143546
Moran's I,-0.05984729793727388
Moran's I,-0.10831344864198052
Moran's I,0.016743875648250472
Moran's I,-0.05993018080877484
Moran's I,0.023802329234042414
Moran's I,-0.05789437257114109
Moran's I,-0.020640381096628243
Moran's I,-0.03625041189697264
Moran's I,-0.08493027281908706
Moran's I,-0.06666330189999366
Moran's I,0.11498110385578722
Moran's I,-0.05859785934080013
Moran's I,-0.04443954809329295
Moran's I,-0.08709545728393978
Moran's I,-0.03014130633243258
Moran's I,-0.010071759548888766
Moran's I,0.040860839349137396
Moran's I,0.011324497584690759
Moran's I,-0.10601677802089728
Moran's I,0.02473902579614103
Moran's I,-0.015644597548906267
Moran's I,0.1878946022077565
Moran's I,-0.08475610108727685
Moran's I,0.006097747428632717
Moran's I,0.0340592935149209
Moran's I,0.019089882547093574
Moran's I,-0.0693626607344712
Moran's I,0.049071283652831525
Moran's I,-0.00347846900767129
Moran's I,-0.047330241708849426
Moran's I,0.050125531974072664
Moran's I,-0.12213380331391488
Moran's I,-0.07703218181201722
Moran's I,0.015598909545789146
Moran's I,-0.04861567278554505
Moran's I,-0.01915728824509407
Moran's I,-0.013615012616352947
Moran's I,-0.04517563910560487
Moran's I,0.01920585407558091
Moran's I,-0.050995018410093046
Moran's I,0.031021148784297743
Moran's I,-0.06089284434960688
Moran's I,-0.049208196410010056
Moran's I,-0.08113271391239289
Moran's I,-0.0840019743437043
Moran's I,0.034346152263306624
Moran's I,-0.026624567938977616
Moran's I,0.09246609028019863
Moran's I,-0.044774979030126345
Moran's I,-0.1266407141539418
Moran's I,-0.11447543683116133
Moran's I,0.024419219890532133
Moran's I,0.13202778451587305
Moran's I,0.00447519180749843
Moran's I,-0.044978943872081865
Moran's I,-0.02923268554240546
Moran's I,0.07726617599280755
Moran's I,0.0010563046925417218
Moran's I,0.0017444190692333806
Moran's I,-0.03041301928081016
Moran's I,0.02490677012867491
Moran's I,-0.03259802698390383
Moran's I,0.029775095195203747
Moran's I,-0.03573693830634353
Moran's I,-0.055965151986153656
Moran's I,-0.005785004734917608
Moran's I,0.05360606114464402
Moran's I,-0.014039050646253265
Moran's I,-0.001116419485987755
Moran's I,-0.03696702431987633
Moran's I,-0.026592312006210123
Moran's I,0.09699089605904485
Moran's I,0.0019048578659835655
Moran's I,-0.009141068822266809
Moran's I,0.021595766371658446
Moran's I,-0.08755637564790673
Moran's I,0.04475849124523683
Moran's I,0.032231057735435206
Moran's I,0.02480390746788116
Moran's I,0.02255694627011895
Moran's I,0.05344517678603109
Moran's I,-0.026308593368552464
Moran's I,-0.06293516447166547
Moran's I,-0.015058856352775717
Moran's I,-0.07537262393758169
Moran's I,-0.047306636536459334
Moran's I,-0.024181569439252395
Moran's I,0.09174897403709444
Moran's I,-0.05945128207642465
Moran's I,0.013293992880213407
Moran's I,0.027774776880598446
Moran's I,0.05714664268266986
Moran's I,-0.04511994955769214
Moran's I,0.03185035599907574
Moran's I,-0.01879838009264182
Moran's I,0.03523843313546298
Moran's I,0.03714046124585552
Moran's I,-0.09794356103008361
Moran's I,0.13769636324262235
Moran's I,0.015372792182585592
Moran's I,-0.18466006180179476
Moran's I,-0.07034503984297735
Moran's I,-0.044702968724888145
Moran's I,-0.012328528371263088
Moran's I,0.01188600438041047
Moran's I,-0.02730417093721962
Moran's I,0.06508124663638423
Moran's I,-0.05143743585839933
Moran's I,-0.025651466051263904
Moran's I,0.035310607151798575
Moran's I,-0.060974836067684585
Moran's I,-0.04909463509903668
Moran's I,0.13315160825669506
Moran's I,0.11805450015722146
Moran's I,0.05277704131149266
Moran's I,-0.057472908487759836
Moran's I,-0.025356549375663288
Moran's I,-0.11420287285662216
Moran's I,-0.03137824540813128
Moran's I,-0.12206679146630443
Moran's I,-0.013877395480972929
Moran's I,-0.042373667096062134
Moran's I,-0.04940386200820643
Moran's I,-0.02631408783014659
Moran's I,-0.02486043688494304
Moran's I,-0.01178683381682226
Moran's I,-0.12152022600375238
Moran's I,-9.768236071363299e-4
Moran's I,-0.02452235420154542
Moran's I,-0.04587809578650802
Moran's I,-0.10655882402285508
Moran's I,-0.07634618722543676
Moran's I,0.04551751905967191
Moran's I,0.07188913957423954
Moran's I,-0.047410144933476325
Moran's I,0.03974432867720634
Moran's I,-0.04185143227716618
Moran's I,-0.008081489293021708
Moran's I,-0.08897738767577763
Moran's I,-0.12361198627995146
Moran's I,-0.07667609439548648
Moran's I,0.11073113990656555
Moran's I,-0.05727237403943995
Moran's I,-0.06070050392769947
Moran's I,-0.021521181422238977
Moran's I,-0.11046163020350526
Moran's I,-0.0852085898270044
Moran's I,0.026114824618667914
Moran's I,-0.045696258746172856
Moran's I,-0.0896407527732692
Moran's I,-0.0038629144388250864
Moran's I,0.04071346088012619
Moran's I,-0.05116064042639446
Moran's I,0.01452155766260987
Moran's I,-0.07970848287560527
Moran's I,-0.0393133031205506
Moran's I,-0.02336170571742939
Moran's I,0.00513528311021526
Moran's I,-0.15185454812142987
Moran's I,-0.07907382979971857
Moran's I,-0.12306062539814387
Moran's I,0.03774094545500181
Moran's I,-0.06814893799026779
Moran's I,-0.12349963022263462
Moran's I,0.08014524693572576
Moran's I,0.05583990331595929
Moran's I,0.04552699387828082
Moran's I,-0.04804690078661505
Moran's I,-0.04635617424166148
Moran's I,-0.11579622742036642
Moran's I,0.21404019253458623
Moran's I,0.02937373051436528
Moran's I,0.028015408902711748
Moran's I,-0.07176685823658187
Moran's I,0.010874773530223468
Moran's I,0.061201483053911446
Moran's I,0.014434972583938803
Moran's I,-0.11818614406204137
Moran's I,-0.0854140561040793
Moran's I,-0.04652405728784365
Moran's I,-0.017642715178137897
Moran's I,-0.03349232387832854
Moran's I,-0.013791668370898338
Moran's I,-0.04720496120829505
Moran's I,-0.04889720573045423
Moran's I,-0.04992042451298667
Moran's I,-0.07317046618044197
Moran's I,-0.1030869249323653
Moran's I,0.1504543050115481
Moran's I,-0.043793182895320186
Moran's I,0.05390185378279079
Moran's I,-0.011678797277764948
Moran's I,-0.004238647410336616
Moran's I,0.04818013806272883
Moran's I,4.701412385365461e-4
Moran's I,-0.10418093311285334
Moran's I,0.021965200157838736
Moran's I,0.08845568210923045
Moran's I,-0.014017885881421156
Moran's I,0.10670916919123787
Moran's I,-0.10956462224457654
Moran's I,-0.035745014897484086
Moran's I,-0.09171458924598384
Moran's I,-0.030743774102473517
Moran's I,-8.875832542001717e-4
Moran's I,0.07029902205380215
Moran's I,0.27249044003149575
Moran's I,-0.06593039409094521
Moran's I,-0.008326536141237163
Moran's I,-0.04715308214294461
Moran's I,0.0729794442118928
Moran's I,0.03164047262731336
Moran's I,0.03428485770966933
Moran's I,-0.024352204252487096
Moran's I,-0.09520863194007634
Moran's I,-0.022565753540320244
Moran's I,-0.05422930686710917
Moran's I,-0.08069894899460889
Moran's I,0.1445860856667418
Moran's I,-0.12088167423728971
Moran's I,0.005806144064084126
Moran's I,0.08288564230591097
Moran's I,-0.01814743948369497
Moran's I,0.004086899869522294
Moran's I,-0.05878231839833772
Moran's I,-0.06337220697072417
Moran's I,-0.04663226579136175
Moran's I,0.025483705219463373
Moran's I,0.020528100853991645
Moran's I,-0.07690956823913345
Moran's I,-0.029555964805353552
Moran's I,0.1760873841826809
Moran's I,0.0778428492641467
Moran's I,-0.014225123247745568
Moran's I,-0.06874297951371362
Moran's I,-0.056855346407987575
Moran's I,-0.032730683867388706
Moran's I,-0.13805704239432603
Moran's I,-0.026092712701671055
Moran's I,-0.011642595649511969
Moran's I,-0.020494404265374754
Moran's I,-0.13607394393280028
Moran's I,-0.08916757542325073
Moran's I,-0.09513172825679327
Moran's I,-0.04265254805474304
Moran's I,-0.07425777496267925
Moran's I,-0.06221868053697539
Moran's I,-0.13244786454510307
Moran's I,-0.07647569194894319
Moran's I,0.02010694493381826
Moran's I,-0.10366097115406248
Moran's I,-0.08155971834205118
Moran's I,-0.07362387121325163
Moran's I,-0.04114192880942553
Moran's I,-0.014499866239867857
Moran's I,-0.12165610185728418
Moran's I,-0.03276526941502094
Moran's I,0.07158034291517233
Moran's I,-0.03665216061431437
Moran's I,0.15629934893400038
Moran's I,-0.04998039905022594
Moran's I,0.05415709170295981
Moran's I,4.9720089780920096e-5
Moran's I,-0.037166459584127176
Moran's I,-0.038547748821907965
Moran's I,0.024404370185275148
Moran's I,0.08901035468244158
Moran's I,-0.028385009063921243
Moran's I,0.018142326407374162
Moran's I,-0.0026517385200156645
Moran's I,-0.057189707761604314
Moran's I,-0.06376396774939261
Moran's I,-0.011471263685090383
Moran's I,-0.11484025195104958
Moran's I,-0.07894814376386691
Moran's I,0.026084953987076973
Moran's I,-0.06029571775515593
Moran's I,-0.009948849748426343
Moran's I,-0.060692168541204974
Moran's I,-0.09318997710117756
Moran's I,-0.06275904789963743
Moran's I,-0.06751094296650073
Moran's I,-0.09205405480196477
Moran's I,-0.01962863992649188
Moran's I,-0.05784975368130748
Moran's I,0.05724722130594516
Moran's I,-0.04041305093697977
Moran's I,0.05937748326476936
Moran's I,-0.022132050419778886
Moran's I,-0.075264073379555
Moran's I,0.0011237666510484352
Moran's I,-0.02155713417151672
Moran's I,-0.07778631735839688
Moran's I,0.0572182487694943
Moran's I,-0.08022950891883698
Moran's I,-0.04950112244006091
Moran's I,0.04050062963423711
Moran's I,0.07441038972829424
Moran's I,-0.019204950233885496
Moran's I,-0.09854499343143339
Moran's I,0.013221760978173486
Moran's I,-0.03325714585557134
Moran's I,0.014614930883660147
Moran's I,-0.02994587196506452
Moran's I,-0.05978839116158668
Moran's I,-0.019868565547831844
Moran's I,0.036510041937362105
Moran's I,0.007949198630909373
Moran's I,-0.08027609300989123
Moran's I,-0.06312020189456649
Moran's I,0.12656691845891133
Moran's I,0.005307384305372446
Moran's I,-0.06121118288099926
Moran's I,0.006727689400697612
Moran's I,-0.05425698076912077
Moran's I,0.0036897848203076636
Moran's I,-0.06358201120758503
Moran's I,0.0050533017224929765
Moran's I,-0.07310543595556972
Moran's I,0.06431752402219179
Moran's I,-0.10255165735312669
Moran's I,0.17786620970907843
Moran's I,-0.034716141736757425
Moran's I,0.03696943571555885
Moran's I,-0.11415350478898031
Moran's I,0.003209161017987752
Moran's I,0.011214764841026873
Moran's I,-0.040501400921371083
Moran's I,-0.025510860170359164
Moran's I,-0.03653533538840819
Moran's I,-0.0025557576564179123
Moran's I,-0.07712347628967735
Moran's I,0.06678757293331607
Moran's I,-0.06733740977638447
Moran's I,-0.14232707378811718
Moran's I,0.017444252138669864
Moran's I,-0.049390695269293745
Moran's I,0.058323431936704
Moran's I,-0.04559932361109702
Moran's I,0.029982990164568096
Moran's I,-0.043405316921224284
Moran's I,0.09606791475670415
Moran's I,-0.010221520008755227
Moran's I,0.036771201455574345
Moran's I,-0.007571778590218448
Moran's I,-0.10468818349905465
Moran's I,-0.023246502887575998
Moran's I,0.04869962879078854
Moran's I,0.037805408470527546
Moran's I,-0.05995836116501179
Moran's I,-0.09617733155391031
Moran's I,-0.12396956434203088
Moran's I,-0.09838688713701911
Moran's I,-0.025111004178526564
Moran's I,-0.033958133185673416
Moran's I,-0.05743277989181057
Moran's I,-0.04851610895599684
Moran's I,0.12456284555176944
Moran's I,-0.11487124421984823
Moran's I,-0.020665408943378552
Moran's I,0.0356750723752349
Moran's I,-0.03525246806150488
Moran's I,-0.0924484345221333
Moran's I,-0.06572753069516421
Moran's I,-0.04588388633498578
Moran's I,0.03428514374369323
Moran's I,0.07966301173164461
Moran's I,-0.011347022453912992
Moran's I,0.12104890810335894
Moran's I,-0.03737768423040536
Moran's I,0.016398079571853144
Moran's I,0.07612226539067002
Moran's I,-0.06264282492153074
Moran's I,0.018054377286147585
Moran's I,0.04434365353480396
Moran's I,-0.05061984991933643
Moran's I,0.05262515330721785
Moran's I,-0.03600649615656232
Moran's I,-0.12344367484623486
Moran's I,-0.03190299786290836
Moran's I,0.052655194612866864
Moran's I,-0.03139963930868839
Moran's I,-0.010133833850767876
Moran's I,-0.030115595316447172
Moran's I,0.013282872988620095
Moran's I,-0.04916411913449506
Moran's I,-0.05682257242498576
Moran's I,0.06189204404530651
Moran's I,-0.1354764730370219
Moran's I,-0.01338871801142114
Moran's I,-0.09826173642828699
Moran's I,0.03772802275619086
Moran's I,-0.010166746827638351
Moran's I,-0.09332716817480559
Moran's I,-0.003941139032900591
Moran's I,0.10401757211954378
Moran's I,-0.018072763499249758
Moran's I,0.11995486581164544
Moran's I,0.08945348094120903
Moran's I,0.11135683117100983
Moran's I,-0.08730343603304302
Moran's I,0.004278487529388381
Moran's I,-0.01872063644736097
Moran's I,-0.020978815930416107
Moran's I,-0.02235825582549181
Moran's I,-0.17934459451536255
Moran's I,0.019149367467483774
Moran's I,0.05466185398500663
Moran's I,-0.07320651406269399
Moran's I,-0.08063087738167327
Moran's I,-0.0027113416788175433
Moran's I,-0.07504706167934456
Moran's I,0.014009904146767095
Moran's I,-0.015782576533018344
Moran's I,0.04583697172904699
Moran's I,0.011024189835665148
Moran's I,-0.06893804889144273
Moran's I,0.09824162442037143
Moran's I,0.042313588853134375
Moran's I,0.028751831360749353
Moran's I,-0.14180771668434097
Moran's I,-0.1286655261973398
Moran's I,-0.02024567166420473
Moran's I,-0.05117313157353649
Moran's I,0.036678030867370766
Moran's I,0.04950718961805498
Moran's I,0.16556619452828927
Moran's I,0.05296665602915948
Moran's I,-0.005574484150968464
Moran's I,-0.03251885607336588
Moran's I,-0.0447755258944328
Moran's I,0.06096140405954159
Moran's I,-0.11272212722900349
Moran's I,-0.01262324835112377
Moran's I,0.028254179889485736
Moran's I,0.03618768213405043
Moran's I,-0.1123932447521642
Moran's I,-0.049695862649397515
Moran's I,0.024431196913219683
Moran's I,-0.02199908719228462
Moran's I,0.1345125995400634
Moran's I,-0.019903991509959838
Moran's I,-0.023177673025142002
Moran's I,0.004947712789269139
Moran's I,0.07575863995218123
Moran's I,-0.059262946389518775
Moran's I,-0.04747349656500347
Moran's I,-0.011055353765405077
Moran's I,0.034454006255475636
Moran's I,-0.031121875683925007
Moran's I,-0.10127854870436565
Moran's I,0.08697174208143967
Moran's I,-0.07490299734365877
Moran's I,-0.067563080850855
Moran's I,-0.019839873857649123
Moran's I,-0.03221825839650988
Moran's I,0.11432324659832088
Moran's I,-0.0449153645245484
Moran's I,0.002888335962053674
Moran's I,0.004856101675179346
Moran's I,-0.02341224046309583
Moran's I,-0.0765319330109211
Moran's I,-0.053013577597934285
Moran's I,-0.04856668452102613
Moran's I,0.0579133190621582
Moran's I,0.08764087388767858
Moran's I,-0.10330228071480861
Moran's I,0.02436841359011213
Moran's I,-0.04058400916512428
Moran's I,-0.04073054530304225
Moran's I,-0.07341160596122018
Moran's I,-0.10241851682863538
Moran's I,-0.017142389521798102
Moran's I,-0.08372644961448976
Moran's I,0.023613976855780143
Moran's I,-0.06526210317317775
Moran's I,-0.02519857087144551
Moran's I,-0.03385293189873862
Moran's I,0.029039964635387813
Moran's I,-0.08922537142160587
Moran's I,-0.16500968082934872
Moran's I,-0.018618479108017227
Moran's I,0.029874888194640258
Moran's I,-0.017041251992135638
Moran's I,-0.012549139901863769
Moran's I,0.05759312058232457
Moran's I,-0.131462479253435
Moran's I,-0.016140503056021743
Moran's I,-0.118866414201324
Moran's I,-0.01928164063147518
Moran's I,0.0179080321303329
Moran's I,-0.1646160725551738
Moran's I,-0.02412188607458634
Moran's I,0.003903778772544677
Moran's I,0.05320299913468088
Moran's I,-0.02393031787595279
Moran's I,-0.14361870864977494
Moran's I,0.11187779278587327
Moran's I,-0.012343497596767509
Moran's I,-0.013540404999364838
Moran's I,8.121956530208791e-4
Moran's I,0.03750354310371092
Moran's I,0.006002060309768908
Moran's I,-0.0348656973119397
Moran's I,0.02276442703832189
Moran's I,-0.03755211840996931
Moran's I,0.07512401285244331
Moran's I,-0.06550727374858742
Moran's I,-0.02846579976304616
Moran's I,0.010972900103972958
Moran's I,-0.02600363296178134
Moran's I,0.027450061205078754
Moran's I,-0.010711157038315182
Moran's I,0.08321882348647293
Moran's I,-0.03078022724970354
Moran's I,0.050793844632095235
Moran's I,-0.06712339665130354
Moran's I,-0.007004547524586114
Moran's I,0.003505457035969354
Moran's I,-0.08953391506754624
Moran's I,0.03081061645605758
Moran's I,-0.010121032719694547
Moran's I,-0.03411878248983874
Moran's I,0.034290048868246326
Moran's I,-0.08755302790332233
Moran's I,0.02945495571255947
Moran's I,-0.03310112251868086
Moran's I,0.15199558080577147
Moran's I,0.03921306845624719
Moran's I,-0.0014298030645906077
Moran's I,-0.04478341252060099
Moran's I,-0.05334965876169977
Moran's I,-0.05447503608319033
Moran's I,0.0156657507358259
Moran's I,-0.04451600638715045
Moran's I,-0.01308687997671962
Moran's I,0.1469909230578436
Moran's I,0.12883128738331492
Moran's I,-0.020189196898418797
Moran's I,-0.03642369488851157
Moran's I,-0.06734513651642748
Moran's I,-0.00489100350721251
Moran's I,-0.05397465629019832
Moran's I,-0.08126074768620133
Moran's I,-0.1409175042124328
Moran's I,-0.06134851804802929
Moran's I,0.00844295633022264
Moran's I,0.07212286533969278
Moran's I,-0.05077866828302776
Moran's I,-0.08830744746423304
Moran's I,-0.010080301238012063
Moran's I,0.06676329138166874
Moran's I,-0.09539827374025484
Moran's I,-0.08836145860896112
Moran's I,-0.08810316964640882
Moran's I,-0.09756040567065237
Moran's I,0.08575568720921872
Moran's I,-0.06519709900165875
Moran's I,-0.061504523119255604
Moran's I,0.04397437195200468
Moran's I,-0.050401268580588715
Moran's I,0.03887624223123892
Moran's I,-0.034552195797928696
Moran's I,-0.0711646221308198
Moran's I,-0.012891384276005302
Moran's I,0.09790196287487482
Moran's I,-0.028899704265574134
Moran's I,-0.03332852932571213
Moran's I,0.02249873930292667
Moran's I,-0.040302124380329506
Moran's I,0.06119418208611907
Moran's I,0.029177064437467287
Moran's I,0.11530674379934829
Moran's I,0.014224350113384764
Moran's I,-0.03036921936913507
Moran's I,0.02742253903142442
Moran's I,0.0899588019062176
Moran's I,-0.064993841406115
Moran's I,-0.10053886914125922
Moran's I,-0.038005513360004066
Moran's I,-0.03362958564775373
Moran's I,-0.009439131062646142
Moran's I,-0.04619978993401755
Moran's I,0.010140497129396221
Moran's I,-0.08657182615287812
Moran's I,0.02983042342203308
Moran's I,0.01425792493266488
Moran's I,0.03091757392691449
Moran's I,-0.07494897513865217
Moran's I,0.027158082492872635
Moran's I,-0.08503120639440893
Moran's I,0.1710894874581706
Moran's I,-0.04619378048231592
Moran's I,0.016743365994971105
Moran's I,0.022448684845082216
Moran's I,-0.022164514966614878
Moran's I,-0.10030139342610188
Moran's I,0.005417256620990279
Moran's I,-0.040614572148526776
Moran's I,0.11390419266584824
Moran's I,-0.06881261643285222
Moran's I,0.06226466754311508
Moran's I,-0.04240347891804074
Moran's I,-0.020599781799432424
Moran's I,0.01000726438745698
Moran's I,0.187785751188594
Moran's I,-0.07157712818158324
Moran's I,0.1149154257167021
Moran's I,-0.037495694347749665
Moran's I,0.07225597861065594
Moran's I,-0.017960528343606896
Moran's I,-0.043183503320579325
Moran's I,0.1872014209159475
Moran's I,-0.0328805888649897
Moran's I,0.0565956513808148
Moran's I,0.2391758063527785
Moran's I,-0.10304023590476652
Moran's I,-0.09018740832882627
Moran's I,-0.015606909161747834
Moran's I,-0.012135249404868875
Moran's I,0.029742317456087748
Moran's I,-0.006205332578850398
Moran's I,-3.2164439932852e-4
Moran's I,-0.01609159884757506
Moran's I,-0.12795416194032258
Moran's I,0.08225858127952547
Moran's I,0.0027649146680377213
Moran's I,0.1023329886685777
Moran's I,-0.038546818242799014
Moran's I,-0.058786391386217336
Moran's I,-0.06326669267126332
Moran's I,-0.09790251039478903
Moran's I,-0.10643925057361688
Moran's I,0.05074912279515742
Moran's I,-0.018028340625771456
Moran's I,-0.035020237410707644
Moran's I,-0.07915102427381396
Moran's I,0.03546743139022226
Moran's I,-0.08287368219116169
Moran's I,0.0021999456741631767
Moran's I,-0.03463105110258841
Moran's I,0.15736845335385233
Moran's I,-0.003341835261771625
Moran's I,0.1113653028250667
Moran's I,0.03991167032724675
Moran's I,-0.08383328988539515
Moran's I,0.020235350312488666
Moran's I,-0.052946547439863705
Moran's I,0.06718749746164351
Moran's I,-0.03373681010852283
Moran's I,0.053988554783319445
Moran's I,0.09308386995002713
Moran's I,-0.024831579863840967
Moran's I,-0.011250552372433753
Moran's I,7.482862577148535e-4
Moran's I,-0.017465848669795826
Moran's I,0.08968844540563518
Moran's I,-0.0749957604410574
Moran's I,-0.0024449986364564807
Moran's I,0.003248954443924166
Moran's I,0.014395299074388282
Moran's I,0.01732213008230989
Moran's I,0.004799152972932914
Moran's I,0.08215424378579896
Moran's I,0.025895519451860957
Moran's I,0.054445600128920586
Moran's I,-0.027675873212071312
Moran's I,-0.031211070421238097
Moran's I,-0.08542502121452944
Moran's I,9.634547161629451e-4
Moran's I,0.02881941335889297
Moran's I,-0.05257302585608446
Moran's I,-0.12495593601267281
Moran's I,-0.07137829538452198
Moran's I,-0.13162628860301517
Moran's I,-0.058048500815294224
Moran's I,0.0069913363205736075
Moran's I,-0.002044106670690535
Moran's I,-0.0585449914247031
Moran's I,-0.01641305473008548
Moran's I,0.09150949196109082
Moran's I,-0.056042997094959884
Moran's I,0.005104067849421189
Moran's I,-0.10314068180843698
Moran's I,0.045494525021405996
Moran's I,-0.10068844641174646
Moran's I,-0.16367425155153886
Moran's I,-0.0293979504168027
Moran's I,0.002371902631198536
Moran's I,-0.0959462546573098
Moran's I,-0.021035813804030683
Moran's I,0.07836498670560825
Moran's I,0.042256161770696084
Moran's I,0.06774878750863439
Moran's I,0.10664388106652288
Moran's I,-0.008423490971165295
Moran's I,-0.12337910030224576
Moran's I,0.059801540688310485
Moran's I,0.0983381290724789
Moran's I,0.012523172875628824
Moran's I,0.015343995711708476
Moran's I,0.1363155783536697
Moran's I,0.015316109725999333
Moran's I,-0.0290807499562458
Moran's I,0.06616577665575729
Moran's I,-0.01884898225735915
Moran's I,-0.06203753612520918
Moran's I,0.015623550488982901
Moran's I,0.01705588515397426
Moran's I,0.06649857697495401
Moran's I,0.0693260410642273
Moran's I,-0.0013441197508108533
Moran's I,-0.04429383738173468
Moran's I,-0.03219567428530674
Moran's I,-0.02180548377292788
Moran's I,-0.016153970508422367
Moran's I,-0.0014190173743028845
Moran's I,-0.00457611550129716
Moran's I,-0.04491121394501044
Moran's I,-0.02154373558491
Moran's I,-0.11651929216036201
Moran's I,0.13162096501979967
Moran's I,0.004633874891740308
Moran's I,-0.019078622158553694
Moran's I,0.06605179236543741
Moran's I,0.04278568487777868
Moran's I,-0.06713937086228203
Moran's I,-0.009769378848761522
Moran's I,-0.07199884226488261
Moran's I,-0.0524610654235264
Moran's I,0.005184944154129816
Moran's I,0.05236684608860571
Moran's I,0.04598767125442433
Moran's I,0.09058796590258979
Moran's I,-0.08575342544595399
Moran's I,-0.05824902008531982
Moran's I,-0.03258139900748889
Moran's I,-0.00797018487232095
Moran's I,0.0644404973712018
Moran's I,-0.06794486942674408
Moran's I,0.012374922526586311
Moran's I,0.1093119436851879
Moran's I,0.051823804100954204
Moran's I,0.02744381047776135
Moran's I,0.0125987371133108
Moran's I,0.0789686149177389
Moran's I,-0.06251887524181989
Moran's I,0.11223871997238923
Moran's I,0.14102933282420468
Moran's I,0.0039798802040314106
Moran's I,0.08699752005964055
Moran's I,0.07507406365450621
Moran's I,-0.08589439038415105
Moran's I,0.06295044449824949
Moran's I,-0.067690584734187
Moran's I,-0.07264357678300491
Moran's I,0.0568457515805347
Moran's I,-0.06369177120300465
Moran's I,-0.08482144543045679
Moran's I,0.055593716167517175
Moran's I,0.054788539520991095
Moran's I,-0.06595436980317418
Moran's I,-0.04346523430971685
Moran's I,-0.008999627726245968
Moran's I,0.0066190172409450925
Moran's I,-0.029654942168597077
Moran's I,-0.1436902893191338
Moran's I,0.008089857554857293
Moran's I,-0.05094969660770008
Moran's I,0.007793943118427003
Moran's I,0.009835800602392416
Moran's I,-0.015878890886843234
Moran's I,-0.0336981671781323
Moran's I,-0.056947772998465006
Moran's I,0.04005516475354139
Moran's I,-0.08193561312223101
Moran's I,-0.02803806333402266
Moran's I,0.12208134495674933
Moran's I,0.022850273996609508
Moran's I,-0.16580080750954534
Moran's I,0.08814275804559472
Moran's I,-0.06417048691398904
Moran's I,-0.14324876238746612
Moran's I,-0.03098708898517571
Moran's I,-0.098190237824099
Moran's I,-0.06416803249952639
Moran's I,0.009992082377421161
Moran's I,0.02422788720840353
Moran's I,7.613944119184093e-4
Moran's I,-0.06059842245518373
Geary's C,1.1019160148746976
Geary's C,1.0809023738306323
Geary's C,0.9768895859606149
Geary's C,1.008363914193319
Geary's C,0.8777059469511972
Geary's C,1.046451289222436
Geary's C,0.9555379455311762
Geary's C,0.9092268711210691
Geary's C,1.1298370655609586
Geary's C,1.066780477936434
Geary's C,0.9851362939278036
Geary's C,1.225752675148551
Geary's C,0.8722440792738905
Geary's C,0.9684110444058671
Geary's C,1.0737971792535568
Geary's C,1.1001503104951038
Geary's C,1.0642981962977962
Geary's C,1.0484182477774622
Geary's C,1.0265904376856414
Geary's C,0.8089372017344036
Geary's C,1.305935878980649
Geary's C,1.0196786072538604
Geary's C,1.0498635947466342
Geary's C,1.0505720053585548
Geary's C,1.1458612635355787
Geary's C,1.0314536441627873
Geary's C,1.154404359838401
Geary's C,1.0206463112355364
Geary's C,0.965077876594746
Geary's C,0.9918723929607735
Geary's C,1.0265682647747478
Geary's C,0.9003269481535677
Geary's C,1.1345783331077095
Geary's C,0.9241115134999514
Geary's C,0.9772492528180927
Geary's C,0.9889118821193491
Geary's C,0.9868030365254497
Geary's C,0.9585564861160644
Geary's C,0.9913983459156305
Geary's C,1.038083806296934
Geary's C,1.003436915590756
Geary's C,0.9996727194835374
Geary's C,0.9723983949185329
Geary's C,1.0302395431335327
Geary's C,0.9707768276846475
Geary's C,0.9610145517389114
Geary's C,1.043454030332102
Geary's C,0.9327798467489319
Geary's C,0.973184937987028
Geary's C,1.0611238406206531
Geary's C,1.0290440194401642
Geary's C,0.7489414107150483
Geary's C,1.0303914092772006
Geary's C,1.0055795051616003
Geary's C,1.0620373695532224
Geary's C,1.220035441728792
Geary's C,1.0470292111152417
Geary's C,0.7253945152111404
Geary's C,1.1277144655769227
Geary's C,0.9516453914688466
Geary's C,1.0141323012929315
Geary's C,1.0064235897740006
Geary's C,1.0110418344996883
Geary's C,0.8967854608386402
Geary's C,0.808153351007178
Geary's C,0.9040800922489396
Geary's C,1.0427757491859206
Geary's C,0.8847807001435795
Geary's C,0.8049204043305581
Geary's C,0.9625909972100224
Geary's C,0.9761909316686623
Geary's C,1.0274419519483795
Geary's C,1.1243392193639525
Geary's C,0.9705381368674351
Geary's C,0.9546169508347333
Geary's C,0.9424770950769605
Geary's C,0.9731950439822974
Geary's C,0.9296571688189448
Geary's C,1.0635605375511032
Geary's C,0.9603651762124976
Geary's C,1.0074769576990528
Geary's C,0.8510684754191292
Geary's C,1.0663578944616943
Geary's C,1.045211584082172
Geary's C,1.0322174279161953
Geary's C,1.1244557459529783
Geary's C,0.8457673773572242
Geary's C,1.0251585049999477
Geary's C,0.9710862610057132
Geary's C,1.054448262933352
Geary's C,0.8100006153988001
Geary's C,1.0918745211413048
Geary's C,0.9037748993610925
Geary's C,0.9600179320025394
Geary's C,1.0361210290418659
Geary's C,0.8872205203991389
Geary's C,1.0342558113325142
Geary's C,0.8962146901569213
Geary's C,0.9289256117623139
Geary's C,1.0106837284186319
Geary's C,1.0757035179554777
Geary's C,1.0447073971384644
Geary's C,1.0444163863089468
Geary's C,0.8349242394254308
Geary's C,1.217968307872965
Geary's C,1.0400783203921733
Geary's C,1.0703918248895354
Geary's C,0.919321687135761
Geary's C,0.7674453324673584
Geary's C,1.1367007137615008
Geary's C,0.9863948166999016
Geary's C,1.2934846926470271
Geary's C,0.9664603034407194
Geary's C,1.1064753695877283
Geary's C,1.0976395752137975
Geary's C,1.1117682284033938
Geary's C,1.0725580149331675
Geary's C,0.8308872995542133
Geary's C,0.9496375147637337
Geary's C,0.9821689344036211
Geary's C,0.9455150983716427
Geary's C,1.0208824343322844
Geary's C,0.9712581989855157
Geary's C,1.1326542159057273
Geary's C,1.0589236401224016
Geary's C,1.0142312577456336
Geary's C,0.967638359699657
Geary's C,0.9209122929761044
Geary's C,0.8888530615844559
Geary's C,0.9182147494520215
Geary's C,0.9676824699751917
Geary's C,1.0700113100802977
Geary's C,1.0393392191586277
Geary's C,0.9804830018364628
Geary's C,1.0256307862399001
Geary's C,0.9715012882514366
Geary's C,0.9154904582117589
Geary's C,1.0360291746619745
Geary's C,0.8320675268807501
Geary's C,0.9052554349349177
Geary's C,0.9103679239797547
Geary's C,1.0156643965862626
Geary's C,0.9792695009989439
Geary's C,0.9477498429539299
Geary's C,0.96521561403272
Geary's C,1.0967991972492732
Geary's C,1.0328894833427873
Geary's C,0.9360582658302172
Geary's C,1.0114748976468677
Geary's C,0.7688453547264136
Geary's C,0.8562618206534834
Geary's C,1.0102769786233023
Geary's C,0.9743519284043052
Geary's C,1.0808447701642951
Geary's C,0.9145707044594305
Geary's C,1.0735829244234538
Geary's C,0.8822729094065086
Geary's C,1.1457860642931623
Geary's C,1.1385677503243723
Geary's C,0.8782681198928566
Geary's C,0.9763109053651512
Geary's C,1.1734404017415772
Geary's C,0.9364352366333335
Geary's C,0.9691578921636564
Geary's C,0.9567604059608197
Geary's C,0.8084914425557136
Geary's C,1.2544456504472272
Geary's C,1.0558981428769796
Geary's C,0.9363822942468409
Geary's C,1.0304207073828144
Geary's C,1.0491859646969068
Geary's C,1.096850443933537
Geary's C,1.0787878500556805
Geary's C,1.1615576820914313
Geary's C,0.7648198866379192
Geary's C,0.997948487605214
Geary's C,0.9568418918302496
Geary's C,0.9782808029646536
Geary's C,1.0644598291078013
Geary's C,0.9325563440402548
Geary's C,0.9665750709303382
Geary's C,0.8953072642628422
Geary's C,1.0206286870774708
Geary's C,0.9167449876523831
Geary's C,0.8694686914182713
Geary's C,0.9980064655642432
Geary's C,0.8507107515074691
Geary's C,1.0303336824296285
Geary's C,0.9317692651694766
Geary's C,1.0464913205372006
Geary's C,0.9807659909809398
Geary's C,0.86525465033561
Geary's C,0.9947911291944481
Geary's C,1.0072244690722258
Geary's C,1.0690174249816604
Geary's C,0.9447851068808237
Geary's C,0.8026118269635444
Geary's C,1.3010665031953343
Geary's C,1.0677769540902893
Geary's C,0.9561864669250918
Geary's C,0.9351368349070615
Geary's C,0.8534930681579738
Geary's C,1.017039667417641
Geary's C,1.0564481461600532
Geary's C,1.0982625417715497
Geary's C,0.9657188182508303
Geary's C,0.9238934623918628
Geary's C,0.9442713083608393
Geary's C,1.003457007166414
Geary's C,0.8922256277236068
Geary's C,1.0096910087644118
Geary's C,0.9495412078747214
Geary's C,0.968503053810452
Geary's C,0.9718784964022616
Geary's C,0.9799310372819994
Geary's C,0.9378157599795105
Geary's C,0.7919686382105623
Geary's C,1.077702217645211
Geary's C,0.9792742383541351
Geary's C,0.989385581728694
Geary's C,0.9648371605440039
Geary's C,1.1119889402541696
Geary's C,1.1554678242245038
Geary's C,0.9785975107628531
Geary's C,1.001605188709318
Geary's C,0.9933670347398523
Geary's C,1.0094685723027157
Geary's C,1.035658283199163
Geary's C,0.9772992409655514
Geary's C,1.0715491704589621
Geary's C,0.9057019688432888
Geary's C,0.9409335421800437
Geary's C,1.0424667476800324
Geary's C,1.060745868307428
Geary's C,1.0355812199078647
Geary's C,0.9756178082180206
Geary's C,0.961491154035046
Geary's C,1.127292086047602
Geary's C,0.9947248283441158
Geary's C,1.0088493722400653
Geary's C,1.0802969735209458
Geary's C,1.0651566810986755
Geary's C,1.0552995194551098
Geary's C,0.9537552869556495
Geary's C,1.0775363099009985
Geary's C,1.1066407302032726
Geary's C,1.0734093870331827
Geary's C,0.9564435601756547
Geary's C,1.0102316263392084
Geary's C,0.9784741117741789
Geary's C,1.0727116589579853
Geary's C,1.0218845693893488
Geary's C,0.967340270796877
Geary's C,0.9132302432442512
Geary's C,0.8573030510087895
Geary's C,1.1441112450146953
Geary's C,0.9408433912898805
Geary's C,0.9793166904212334
Geary's C,1.145968939797939
Geary's C,0.9006969097471035
Geary's C,0.9819514808969689
Geary's C,0.9766392803984361
Geary's C,1.0658950655740391
Geary's C,1.0291411096989487
Geary's C,1.0648130228686994
Geary's C,0.9512554621403407
Geary's C,1.1067844835419753
Geary's C,0.8812679375842968
Geary's C,0.8451702238902177
Geary's C,1.051662528371464
Geary's C,0.8864015828816527
Geary's C,0.9371997038566476
Geary's C,0.9543106029950578
Geary's C,1.027134614560692
Geary's C,1.037118685829989
Geary's C,0.9955704148054463
Geary's C,0.9272272262444812
Geary's C,1.0168490025536037
Geary's C,1.0615790508191347
Geary's C,0.9449134274498036
Geary's C,0.9441488113730677
Geary's C,0.9388975620140819
Geary's C,1.086851970178313
Geary's C,0.9326891664618705
Geary's C,1.1584917066624971
Geary's C,1.010553118911541
Geary's C,1.0169728169639083
Geary's C,0.9065350241336657
Geary's C,0.9532659542566531
Geary's C,1.1972344929402252
Geary's C,0.9440726072922313
Geary's C,1.097908472609215
Geary's C,0.9458781224075723
Geary's C,1.1030653242754656
Geary's C,0.9694059660617457
Geary's C,0.9533821969672721
Geary's C,1.009298588833611
Geary's C,0.9621371104832137
Geary's C,0.8545254333537806
Geary's C,1.1046481483415562
Geary's C,1.044481023520555
Geary's C,1.0841964901120265
Geary's C,1.0273594209056183
Geary's C,1.0175979483382531
Geary's C,0.8795469679454865
Geary's C,0.9351915941288451
Geary's C,1.0659916590310332
Geary's C,0.9440051565472225
Geary's C,1.0253415752837107
Geary's C,0.9234168914140707
Geary's C,1.1372844778116977
Geary's C,1.043670341896308
Geary's C,0.8037376663346317
Geary's C,0.9660915452265195
Geary's C,0.9416197765918229
Geary's C,1.181658951730475
Geary's C,1.0422387818351322
Geary's C,0.9494636777353078
Geary's C,0.9713272355464405
Geary's C,1.0173494832058123
Geary's C,0.8787974634846878
Geary's C,0.8769277712553093
Geary's C,1.0946643739451987
Geary's C,1.0107165162515444
Geary's C,0.9382995018246518
Geary's C,1.0168908109449524
Geary's C,0.9190327397382674
Geary's C,1.0757950582066296
Geary's C,1.1154989653358662
Geary's C,1.0623004655546475
Geary's C,1.081031306632861
Geary's C,1.0170443638023985
Geary's C,1.2149554357037384
Geary's C,0.872944348181851
Geary's C,0.9414550510623279
Geary's C,0.9201876505503982
Geary's C,1.0711817929104555
Geary's C,0.9172162503110618
Geary's C,1.0818200208096131
Geary's C,0.963072314348425
Geary's C,1.0826462572071394
Geary's C,1.0922232954140478
Geary's C,1.0838204430483966
Geary's C,1.0939332322349735
Geary's C,0.8484846644089781
Geary's C,0.9188877961875597
Geary's C,1.0260939952967878
Geary's C,0.9199895626817823
Geary's C,0.980171546084646
Geary's C,1.1555096661626358
Geary's C,1.0928290983864428
Geary's C,0.9281239516705001
Geary's C,0.9681336095029873
Geary's C,0.9538294106810035
Geary's C,1.1481357524758442
Geary's C,0.8869911305973287
Geary's C,0.9020199981323567
Geary's C,1.0897700004502222
Geary's C,1.0313691432748129
Geary's C,0.8613803210022428
Geary's C,1.127041675000214
Geary's C,0.9652652260426632
Geary's C,0.8271009478650452
Geary's C,0.8715919246800875
Geary's C,1.2051362009165574
Geary's C,1.124548456838141
Geary's C,0.8196125268235823
Geary's C,1.1297451761813835
Geary's C,0.9977246781231733
Geary's C,1.0213268939097824
Geary's C,1.0185844950385077
Geary's C,1.0698639224529753
Geary's C,1.0840879306203408
Geary's C,1.0495420268683195
Geary's C,1.0398297691327005
Geary's C,1.1811781609641185
Geary's C,1.1735246200771725
Geary's C,1.0959127006283242
Geary's C,0.990337233643473
Geary's C,0.9079751017965452
Geary's C,1.0012945183343078
Geary's C,1.0286566562821482
Geary's C,0.9648129532472705
Geary's C,1.0331416001466052
Geary's C,0.7951937911985077
Geary's C,1.095022735526013
Geary's C,1.1196287382959749
Geary's C,1.0249777548733463
Geary's C,1.0584096011339006
Geary's C,1.0855163429288677
Geary's C,1.0154454189159792
Geary's C,1.06831219945785
Geary's C,1.0291873747614328
Geary's C,1.0631090613256982
Geary's C,0.8873978246101563
Geary's C,1.1191308610395412
Geary's C,1.0401122747742386
Geary's C,0.8645940610966063
Geary's C,0.8396508206604499
Geary's C,1.0327781198578827
Geary's C,1.0474576344683675
Geary's C,0.8313964433860023
Geary's C,1.0130728132986893
Geary's C,0.9778362077802243
Geary's C,1.0212403736219737
Geary's C,0.8926237160149622
Geary's C,1.222814082491303
Geary's C,1.030234540194779
Geary's C,1.1532519248558057
Geary's C,1.0485854064872828
Geary's C,1.1320232077781025
Geary's C,1.15237487064973
Geary's C,0.7914676346832127
Geary's C,1.1481787139260184
Geary's C,1.024547878781139
Geary's C,1.220368166307025
Geary's C,1.001518635146094
Geary's C,0.8946236340205479
Geary's C,1.0440589426892855
Geary's C,1.0654874058264223
Geary's C,1.0075717031326055
Geary's C,0.9408417622052674
Geary's C,0.9452209145578379
Geary's C,1.0507604216180046
Geary's C,0.9104224073705811
Geary's C,0.9673638468246563
Geary's C,1.042413852131261
Geary's C,1.044297384119187
Geary's C,0.9960644613219797
Geary's C,1.0722345986905002
Geary's C,0.9712401749854962
Geary's C,1.0192040199340333
Geary's C,0.8078764247195116
Geary's C,0.9301315870669231
Geary's C,1.1280403652771678
Geary's C,1.0114704784324569
Geary's C,1.104579214825074
Geary's C,0.9934464205274893
Geary's C,0.9730445337806543
Geary's C,1.1175235875844214
Geary's C,0.9812276372670972
Geary's C,0.977687604457213
Geary's C,1.0176443562513724
Geary's C,1.1627669753702397
Geary's C,1.0696511657764856
Geary's C,1.0621359567266806
Geary's C,1.0928035758683894
Geary's C,1.0153250372941705
Geary's C,1.0205394680941886
Geary's C,0.72272355639301
Geary's C,1.0779695276660592
Geary's C,1.0004753452343293
Geary's C,0.9247357833618579
Geary's C,1.056609775311392
Geary's C,0.9010281515442644
Geary's C,0.9966743334376592
Geary's C,1.030996675534207
Geary's C,0.9227635791954284
Geary's C,0.9193675157876853
Geary's C,1.1007895600629136
Geary's C,1.0665601455936713
Geary's C,1.0596551699121843
Geary's C,1.0161222541025996
Geary's C,1.1246092399192282
Geary's C,1.1880181204437366
Geary's C,0.9996339071078508
Geary's C,0.9185122427824227
Geary's C,1.0720757454907863
Geary's C,0.9358735886729868
Geary's C,1.005740451679025
Geary's C,0.9234868246168432
Geary's C,0.9914169943134643
Geary's C,0.8716096084532303
Geary's C,0.9441028594011509
Geary's C,0.9712993377554486
Geary's C,1.0982417168456933
Geary's C,1.0886399264806947
Geary's C,1.0649994614832718
Geary's C,1.1100882627958193
Geary's C,0.9478916874391117
Geary's C,1.0011871997730732
Geary's C,0.918840879387363
Geary's C,0.9826897888471108
Geary's C,1.1403534396600832
Geary's C,1.0452898629672855
Geary's C,0.8595352339125585
Geary's C,0.9663652366523969
Geary's C,0.860072093169934
Geary's C,0.9746504713661208
Geary's C,1.0050917945182958
Geary's C,0.8805220813646637
Geary's C,0.9103021840148876
Geary's C,1.0355802898875457
Geary's C,1.0279234305471978
Geary's C,1.08067886379186
Geary's C,0.9086284722859076
Geary's C,1.074135150061924
Geary's C,1.0290794565562058
Geary's C,0.96215771177945
Geary's C,0.9274347411357742
Geary's C,1.0329070147190371
Geary's C,0.9666573618438014
Geary's C,0.9624271823208472
Geary's C,1.0455767509534826
Geary's C,0.9959763785654643
Geary's C,0.9972984658774519
Geary's C,0.9303806564752559
Geary's C,1.047471011978636
Geary's C,0.918707750100943
Geary's C,0.939006434483568
Geary's C,0.9303135636028214
Geary's C,1.0571242668140843
Geary's C,0.9369044633554137
Geary's C,0.9423930023353202
Geary's C,1.0561027656149005
Geary's C,0.9711166976685104
Geary's C,1.0172538447697412
Geary's C,1.0516913954088378
Geary's C,1.0746503121523192
Geary's C,1.0266840263727601
Geary's C,0.9387165016371476
Geary's C,1.0062354919971879
Geary's C,0.9241928948044663
Geary's C,0.9902019628844383
Geary's C,1.036770696874452
Geary's C,0.8693399710936482
Geary's C,0.7959426687747119
Geary's C,0.9648633593356934
Geary's C,1.0107105138560262
Geary's C,0.8080993367734471
Geary's C,1.0270371257107571
Geary's C,1.0589778016790239
Geary's C,0.9607726981935982
Geary's C,1.0171930180027131
Geary's C,1.0321687466552687
Geary's C,0.9261702667811308
Geary's C,0.9535756347991509
Geary's C,1.0679252231064589
Geary's C,0.8517748800450664
Geary's C,0.991268194971568
Geary's C,0.954468029802583
Geary's C,1.1151131158163374
Geary's C,1.0430709868623385
Geary's C,0.8760367752244673
Geary's C,1.142399492428781
Geary's C,1.080669044361774
Geary's C,1.0669086279417341
Geary's C,0.8728530020800709
Geary's C,1.0833817928582092
Geary's C,1.030221580078565
Geary's C,0.9113556531562127
Geary's C,0.9907134615842884
Geary's C,1.0469111049834157
Geary's C,1.118785511896475
Geary's C,0.9817238907186606
Geary's C,1.000214323254646
Geary's C,0.9955089149274352
Geary's C,1.0035795790375925
Geary's C,0.8786317901061419
Geary's C,1.0063275631957223
Geary's C,0.9052822386653602
Geary's C,0.9195117136507945
Geary's C,1.0178150797554608
Geary's C,1.0546344905967364
Geary's C,0.93809152547877
Geary's C,0.9113607820640388
Geary's C,0.8166932055917041
Geary's C,1.0286331348462319
Geary's C,0.9759517923586393
Geary's C,1.0082406290324983
Geary's C,1.1752663618601462
Geary's C,0.850378125870307
Geary's C,0.9137056686959876
Geary's C,1.004147152975773
Geary's C,1.1363608669388625
Geary's C,0.9041782520854889
Geary's C,0.933822394532875
Geary's C,0.9443589615546719
Geary's C,0.9405319021562768
Geary's C,0.9793129460608417
Geary's C,0.9177735484378654
Geary's C,0.8464030245576661
Geary's C,0.9330222663949669
Geary's C,0.805813411025678
Geary's C,1.0813339589128461
Geary's C,0.9268566244238056
Geary's C,1.2345581537668282
Geary's C,0.9876766943491624
Geary's C,1.1079692199980518
Geary's C,0.8854884273361678
Geary's C,1.107113746879365
Geary's C,1.0047142764555497
Geary's C,0.7958510520111469
Geary's C,0.8927614071234274
Geary's C,1.0486037577886975
Geary's C,0.9527678185937688
Geary's C,1.0878868563063708
Geary's C,0.9873745357314051
Geary's C,0.9007498304081056
Geary's C,0.9856284679279994
Geary's C,0.9254792222963222
Geary's C,0.9346949003855106
Geary's C,0.935596336166486
Geary's C,0.969849968119106
Geary's C,1.0285819809029157
Geary's C,0.9175569372269852
Geary's C,0.9932652914177578
Geary's C,1.0652879955693135
Geary's C,1.0223261146408889
Geary's C,1.07646021942538
Geary's C,1.0436193141370367
Geary's C,1.1201023286498508
Geary's C,0.9657178965347437
Geary's C,1.014136495456888
Geary's C,0.9010505123504123
Geary's C,0.9302485430637794
Geary's C,0.9968177358803229
Geary's C,0.9555050084514369
Geary's C,1.0614792669819815
Geary's C,1.005748676132285
Geary's C,0.9622536041937225
Geary's C,0.9743654237203692
Geary's C,1.0021199454358989
Geary's C,1.0276316919182293
Geary's C,1.0354764516927815
Geary's C,1.0145846736874697
Geary's C,1.1538972930284461
Geary's C,1.1435663576254291
Geary's C,1.0178454543766082
Geary's C,0.9820025022924703
Geary's C,1.0059122664324682
Geary's C,1.2044583086025649
Geary's C,1.072671978519764
Geary's C,0.9462590728206646
Geary's C,0.8490113888142192
Geary's C,0.8163260948588632
Geary's C,0.9486514675565066
Geary's C,1.0402838054907069
Geary's C,1.0510700023144386
Geary's C,0.8132194642028059
Geary's C,1.1610287660328282
Geary's C,0.9485963713757442
Geary's C,1.1249027086762684
Geary's C,1.0497410065798665
Geary's C,0.8824440779095498
Geary's C,1.1282394486212872
Geary's C,0.9920438377201058
Geary's C,0.9446881800341856
Geary's C,1.0032268579909982
Geary's C,1.0033842814747995
Geary's C,0.9071623988508227
Geary's C,1.0151146649485216
Geary's C,1.038209746614687
Geary's C,1.1144580761945342
Geary's C,0.9909322814928181
Geary's C,1.022321744890286
Geary's C,0.9421017914546546
Geary's C,0.9294717742568357
Geary's C,0.9282995893418254
Geary's C,0.9695346615636276
Geary's C,0.9710527848407302
Geary's C,1.0737417653451868
Geary's C,1.0638297320773216
Geary's C,0.9665357352733401
Geary's C,1.0744467502111106
Geary's C,1.1528277552707007
Geary's C,1.0800799981863636
Geary's C,0.9596893766966025
Geary's C,1.0273674846673981
Geary's C,1.1344117527926623
Geary's C,1.1304669146494273
Geary's C,1.0501717666704469
Geary's C,1.0363392543183596
Geary's C,0.9649377584416515
Geary's C,0.9508622584912473
Geary's C,0.966059156760604
Geary's C,0.9363814513743847
Geary's C,0.987191305883164
Geary's C,1.012783615451329
Geary's C,0.9885946089355605
Geary's C,1.079107506384023
Geary's C,0.9980721457742593
Geary's C,0.9241955458141815
Geary's C,1.182072429570508
Geary's C,0.9654944054322927
Geary's C,1.0425943496790688
Geary's C,1.0896773575836332
Geary's C,1.0463957578256309
Geary's C,1.0366022067641683
Geary's C,1.102546717857491
Geary's C,1.0115785909088557
Geary's C,1.0089738787164881
Geary's C,0.8690351826272561
Geary's C,0.8640144518380082
Geary's C,1.0501497731410256
Geary's C,0.9707792306576056
Geary's C,0.9752619448299717
Geary's C,1.0578868870192482
Geary's C,1.148989811727415
Geary's C,1.0719013604508467
Geary's C,1.050963722372655
Geary's C,1.039815619411257
Geary's C,1.0895022853237417
Geary's C,1.2276064177347419
Geary's C,0.9294998355601322
Geary's C,1.074990476619872
Geary's C,1.1543926949274905
Geary's C,0.9425661158119285
Geary's C,1.1207703683148331
Geary's C,1.0072262747971055
Geary's C,1.0176501753989309
Geary's C,0.9347746881578072
Geary's C,0.9448240607041337
Geary's C,0.9395053926086351
Geary's C,0.98138422944409065
Geary's C,0.9375363177739059
Geary's C,1.0208278541746476
Geary's C,0.8840434623574825
Geary's C,0.9975179748216397
Geary's C,1.071451420218946
Geary's C,0.9644295821849317
Geary's C,0.9286733975832597
Geary's C,1.0366830739264927
Geary's C,0.9278948875285478
Geary's C,1.033078604005266
Geary's C,1.0407616228468095
Geary's C,1.1460604674573711
Geary's C,1.010979660638635
Geary's C,0.9502303441854301
Geary's C,0.8664334663412396
Geary's C,1.0716459785511763
Geary's C,1.0555276150236588
Geary's C,1.041291237156974
Geary's C,0.9872724117258713
Geary's C,1.1988371984739334
Geary's C,1.0418063212204967
Geary's C,1.1736287780402181
Geary's C,1.1224534682809235
Geary's C,1.0350043449230946
Geary's C,0.9981969601959337
Geary's C,0.9426940084683771
Geary's C,1.0715490291289578
Geary's C,1.0848164538023033
Geary's C,0.9225772464070547
Geary's C,0.9926888436887075
Geary's C,1.0754594117550467
Geary's C,1.0115312950068038
Geary's C,0.9341130078828499
Geary's C,0.9894762784991173
Geary's C,0.997212273774655
Geary's C,1.0966586403263736
Geary's C,0.9352725516604017
Geary's C,0.8796224893302265
Geary's C,1.140064869971311
Geary's C,0.9972948888489088
Geary's C,0.9673050981862624
Geary's C,0.9821578578611273
Geary's C,1.1337956121837456
Geary's C,1.008882987971868
Geary's C,0.8558569836538018
Geary's C,1.0408949825232259
Geary's C,1.0194766010640353
Geary's C,1.0380774927772776
Geary's C,1.0022883186540765
Geary's C,0.9646051919685696
Geary's C,0.9129380945670966
Geary's C,0.9560990449442345
Geary's C,0.8824864056724749
Geary's C,1.0740993834858754
Geary's C,1.0447601715662171
Geary's C,1.0640478952124819
Geary's C,0.9129433965379907
Geary's C,1.0572388935034995
Geary's C,1.0338711022445979
Geary's C,0.9476265034557755
Geary's C,1.03463620181046
Geary's C,0.9608090828953845
Geary's C,0.9789906632904134
Geary's C,0.9872390223849287
Geary's C,1.0379925499956157
Geary's C,0.9836361142897352
Geary's C,1.1014617375083422
Geary's C,1.0548130841757632
Geary's C,1.0048954427018837
Geary's C,0.9688270866996364
Geary's C,1.0832006529785265
Geary's C,0.9914402923982149
Geary's C,1.048928307007692
Geary's C,0.9239712849954479
Geary's C,0.8315832084787611
Geary's C,0.9876792226468172
Geary's C,1.019091910784943
Geary's C,0.9502072764283793
Geary's C,1.093793062527444
Geary's C,1.0711822982778374
Geary's C,0.9432180820189101
Geary's C,1.0449984891549768
Geary's C,1.0832378933831333
Geary's C,0.9666702995431906
Geary's C,0.9883335865208936
Geary's C,0.8893482673371995
Geary's C,0.9136686076908744
Geary's C,1.1546223393342523
Geary's C,1.126002415851683
Geary's C,1.1745148770115639
Geary's C,1.1209505609944401
Geary's C,0.9398504587598999
Geary's C,1.2162321778204936
Geary's C,0.9549836557682705
Geary's C,0.9389986549592968
Geary's C,1.0154582080844483
Geary's C,0.9633459789873297
Geary's C,0.9565183658702455
Geary's C,0.9588707519483537
Geary's C,1.084591580795607
Geary's C,1.1051034883554687
Geary's C,1.0429047422851494
Geary's C,0.9551236616760971
Geary's C,1.1100890631922369
Geary's C,0.8770783969676245
Geary's C,1.0741453011773978
Geary's C,1.0079886871972776
Geary's C,1.0280388347826024
Geary's C,1.0711949763218584
Geary's C,1.0747184533703893
Geary's C,0.9724618817500471
Geary's C,0.8511015064818307
Geary's C,0.9927135704901405
Geary's C,1.0132049753697103
Geary's C,1.0036528583138076
Geary's C,0.9396497562749405
Geary's C,1.033212275292173
Geary's C,1.0055414481373803
Geary's C,0.9074578360487088
Geary's C,0.915853054402198
Geary's C,0.9997204234851148
Geary's C,1.169749465162879
Geary's C,0.8930249385016449
Geary's C,1.1287866163081173
Geary's C,1.0223153959901021
Geary's C,1.0209226848553838
Geary's C,0.9418875348006261
Geary's C,0.920053404346626
Geary's C,1.1101910216325612
Geary's C,0.9353162132968613
Geary's C,1.0238354094250908
Geary's C,0.9828165203082767
Geary's C,1.010226086710139
Geary's C,0.91545801595748455
Geary's C,1.0606303745357215
Geary's C,1.0202102402379312
Geary's C,1.0561486106223035
Geary's C,1.0083239686221348
Geary's C,1.0546026226725052
Geary's C,0.9666653687296884
Geary's C,0.9748019182454196
Geary's C,1.0796325852797009
Geary's C,1.1432800238612768
Geary's C,0.9953723803661212
Geary's C,0.89440245034399
Geary's C,1.0062424895603352
Geary's C,0.8966343500661552
Geary's C,1.1184018655018724
Geary's C,0.9896036472498573
Geary's C,0.9642980515892648
Geary's C,0.9925333670864366
Geary's C,0.841623695326339
Geary's C,1.0653388342156698
Geary's C,1.0638485258245263
Geary's C,1.1127703241710545
Geary's C,0.9695259151536627
Geary's C,1.016266857630192
Geary's C,0.8697834599449429
Geary's C,0.9111202169392127
Geary's C,1.0055664964096689
Geary's C,0.8558499993788732
Geary's C,1.1008256082195718
Geary's C,1.0125162097921532
Geary's C,0.8329567678955879
Geary's C,0.8223043687800345
Geary's C,1.0732390710106885
Geary's C,0.9916281600705734
Geary's C,0.9675786388677738
Geary's C,1.0289394676122134
Geary's C,1.1391900199822305
Geary's C,0.9524216260253583
Geary's C,1.0864144615752995
Geary's C,0.7996521426351094
Geary's C,1.0296414584033704
Geary's C,1.0771724793501742
Geary's C,0.9575117438364162
Geary's C,0.9459052725087205
Geary's C,0.9904563819588089
Geary's C,1.0894142413250154
Geary's C,1.0225052343549508
Geary's C,1.1516183079559992
Geary's C,0.9320454138456071
Geary's C,0.9378774284935207
Geary's C,1.042313144064482
Geary's C,0.8336969239930124
Geary's C,0.9514588715437401
Geary's C,0.8989283504262371
Geary's C,1.0002322580467395
Geary's C,0.9882504415934905
Geary's C,1.0336257584722077
Geary's C,1.2133415146423705
Geary's C,0.9237621378029288
Geary's C,0.9662559400213866
Geary's C,1.0604170886994395
Geary's C,1.064006423652893
Geary's C,1.084636739236462
Geary's C,0.8908479043625664
Geary's C,1.0603791235206574
Geary's C,0.9251103383059799
Geary's C,0.9753827768031625
Geary's C,0.9338676879212116
Geary's C,0.8540494176647208
Geary's C,0.9974689970435897
Geary's C,1.0063218891643722
Geary's C,0.8937045216669844
Geary's C,1.1534283680001036
Geary's C,0.8827220497530586
Geary's C,0.926072733379554
Geary's C,0.9595419930256202
Geary's C,1.0336293458703625
Geary's C,1.0483138896163764
Geary's C,0.8456529768383843
Geary's C,1.0771781806706378
Geary's C,1.0224931194616795
Geary's C,0.9544774554301432
Geary's C,1.1233258853388652
Geary's C,1.1173675382331725
Geary's C,1.0097667157776897
Geary's C,0.9519001129656015
Geary's C,1.0719449704217061
Geary's C,0.8729124841743658
Geary's C,1.0334167924545143
Geary's C,0.9858358844917726
Geary's C,0.9307640894994771
Geary's C,1.1591342516719785
Geary's C,1.1214161557430193
Geary's C,1.1340610202869403
Geary's C,1.0839075374707572
Geary's C,1.02703670466063
Geary's C,1.0054127736110083
Geary's C,1.0079982270902181
Geary's C,1.001736067422708
Geary's C,0.9141230645518714
Geary's C,1.0115736022237434
Geary's C,0.9324493991926398
Geary's C,1.006494714893684
Geary's C,0.9543963599512483
Geary's C,0.9505493304040419
Geary's C,0.9846971711606765
Geary's C,0.9446465505288452
Geary's C,0.7290659927049528
Geary's C,0.9054317321434786
Geary's C,1.0842840806454457
Geary's C,0.8949018189344298
Geary's C,0.857408387730012
Geary's C,0.9231553779169424
Geary's C,0.9709128791763054
Geary's C,1.0240886707874872
Geary's C,1.1738419185574274
Geary's C,0.9507632129418124
Geary's C,0.9132555014657621
Geary's C,0.9584779787260636
Geary's C,0.9857612271018281
Geary's C,1.1995410415304457
Geary's C,0.9453455317797512
Geary's C,1.030379446517316
Geary's C,0.9551151405783725
Geary's C,0.9868818348360473
Geary's C,1.1192743947921133
Geary's C,1.0598016161080503
Geary's C,1.0208147079089571
Geary's C,0.9464227395344031
Geary's C,1.0445492470235764
Geary's C,1.0610234918151498
Geary's C,0.9432979293601258
Geary's C,1.0544470950341147
Geary's C,0.949409214777236
Geary's C,1.073786654213881
Geary's C,1.0122729567677686
Geary's C,0.8829499695912424
Geary's C,1.0821669458596526
Geary's C,1.0958417871144401
Geary's C,0.9582958174195431
Geary's C,1.1480810216875381
Geary's C,0.9750697059803927
Geary's C,1.0387465639698228
Geary's C,0.9097580608306229
Geary's C,1.0154783362444153
Geary's C,1.0107832083440114
Geary's C,0.8806701317739918
Geary's C,1.0095832033779422
Geary's C,0.8957207042118267
Geary's C,1.004015068517699
Geary's C,1.0183671121908968
