County,GDPPC,gi_star,p_sim,p_bh,gi_knn,p_knn,class,class_bh,class_knn
Anxiang,23667,0.3830633188997023,0.59,0.9448421052631578,0.2668733868104085,0.624,Not flagged,Not flagged,Not flagged
Hanshou,20981,-0.2727812206852035,0.9,0.9658536585365854,-0.04300113949632208,0.856,Not flagged,Not flagged,Not flagged
Jinshi,34592,0.36406563352448074,0.704,0.9469295774647887,0.2668733868104085,0.878,Not flagged,Not flagged,Not flagged
Li,24473,0.41149400809490583,0.566,0.9448421052631578,0.12123708875053033,0.79,Not flagged,Not flagged,Not flagged
Linli,25554,0.21741244500603954,0.764,0.9469295774647887,0.16243458385388382,0.744,Not flagged,Not flagged,Not flagged
Shimen,27137,-0.0594295037837224,0.948,0.9884651162790697,-0.07516040863312441,0.98,Not flagged,Not flagged,Not flagged
Liuyang,63118,4.911782121905684,0.01,0.17600000000000002,4.7407426924283005,0.002,Hot spot,Not flagged,Hot spot
Ningxiang,62202,3.5404718187111874,0.042,0.3324444444444445,2.9395346077277833,0.06,Hot spot,Not flagged,Not flagged
Wangcheng,70666,5.805982581937889,0.002,0.176,5.512276138671908,0.002,Hot spot,Not flagged,Hot spot
Anren,12761,-0.19466984131890822,0.746,0.9469295774647887,0.13024904080438773,0.608,Not flagged,Not flagged,Not flagged
Guidong,8497,0.3034493082617981,0.402,0.875906976744186,0.1620142012507875,0.508,Not flagged,Not flagged,Not flagged
Jiahe,32091,-0.44346811677012093,0.598,0.9448421052631578,-0.44346811677012093,0.506,Not flagged,Not flagged,Not flagged
Linwu,23986,0.1476568547258674,0.662,0.9469295774647887,-0.44346811677012093,0.82,Not flagged,Not flagged,Not flagged
Rucheng,11286,0.48089782888352234,0.26,0.6933333333333334,0.6304255167498879,0.33,Not flagged,Not flagged,Not flagged
Yizhang,17814,0.1476568547258674,0.604,0.9448421052631578,-0.44346811677012093,0.874,Not flagged,Not flagged,Not flagged
Yongxing,37651,1.265901346458311,0.368,0.875906976744186,0.8870165481142701,0.52,Not flagged,Not flagged,Not flagged
Zixing,65706,0.6798456605380038,0.658,0.9469295774647887,0.4976634359098069,0.662,Not flagged,Not flagged,Not flagged
Changning,24418,-0.566186794780585,0.634,0.9469295774647887,-0.3279417226569537,0.916,Not flagged,Not flagged,Not flagged
Hengdong,27485,0.320813790773819,0.69,0.9469295774647887,-0.007084700844355591,0.958,Not flagged,Not flagged,Not flagged
Hengnan,21911,-0.3839569202735087,0.894,0.9658536585365854,-0.046075187281458756,0.848,Not flagged,Not flagged,Not flagged
Hengshan,25172,0.06121041203769198,0.876,0.9636000000000001,0.36860597675950535,0.664,Not flagged,Not flagged,Not flagged
Leiyang,26105,0.025243294799318083,0.816,0.9636000000000001,1.3287072944041156,0.214,Not flagged,Not flagged,Not flagged
Qidong,18001,-0.4403643273899483,0.956,0.9884651162790697,-0.8563889286606227,0.532,Not flagged,Not flagged,Not flagged
Chenxi,17026,-0.8928584046498033,0.474,0.8874893617021277,-0.8660840024445117,0.558,Not flagged,Not flagged,Not flagged
Zhongfang,30846,-0.8848428654774931,0.114,0.47443478260869565,-1.1524696508032837,0.078,Not flagged,Not flagged,Not flagged
Huitong,14334,-1.0141356620883244,0.422,0.875906976744186,-1.4788967421068975,0.118,Not flagged,Not flagged,Not flagged
Jingzhou,20348,-1.008898279684337,0.146,0.5353333333333333,-1.6821780046162387,0.026,Not flagged,Not flagged,Cold spot
Mayang,13744,-0.6912311134694992,0.824,0.9636000000000001,-0.6912311134694992,0.742,Not flagged,Not flagged,Not flagged
Tongdao,12781,-1.1735257253321083,0.254,0.6933333333333334,-1.7688819165046745,0.044,Not flagged,Not flagged,Cold spot
Xinhuang,15412,-0.6144052155346559,0.99,0.99,-1.454593372865441,0.116,Not flagged,Not flagged,Not flagged
Xupu,13863,-0.4497448041286518,0.708,0.9469295774647887,-1.4560121641508887,0.138,Not flagged,Not flagged,Not flagged
Yuanling,24194,-0.6218469926197071,0.244,0.6933333333333334,-1.0665802302083456,0.232,Not flagged,Not flagged,Not flagged
Zhijiang,20518,-1.2371273476444398,0.124,0.47443478260869565,-1.1787698374094422,0.21,Not flagged,Not flagged,Not flagged
Lengshuijiang,64257,0.337750776104701,0.12,0.47443478260869565,-0.2823302102210996,0.064,Not flagged,Not flagged,Not flagged
Shuangfeng,17755,-0.36650466566808393,0.964,0.9884651162790697,0.16658586205945056,0.652,Not flagged,Not flagged,Not flagged
Xinhua,13398,0.0017801839654289354,0.606,0.9448421052631578,-0.6651673920775827,0.782,Not flagged,Not flagged,Not flagged
Chengbu,10132,-1.34116990427709,0.182,0.64064,-1.9528255792716254,0.01,Not flagged,Not flagged,Cold spot
Dongan,20901,-1.2183071546672428,0.05,0.3324444444444445,-1.4937940506040923,0.052,Cold spot,Not flagged,Not flagged
Dongkou,13240,-1.636829425528043,0.04,0.3324444444444445,-1.590350679752577,0.09,Cold spot,Not flagged,Not flagged
Longhui,9572,-1.8307846078422672,0.006,0.176,-0.9622202489899015,0.604,Cold spot,Not flagged,Not flagged
Shaodong,25246,-1.223983091836973,0.068,0.3324444444444445,-0.15926320316490764,0.99,Not flagged,Not flagged,Not flagged
Suining,16069,-1.7240176083257033,0.01,0.17600000000000002,-1.7568221905783734,0.024,Cold spot,Not flagged,Cold spot
Wugang,12112,-1.5517993360533204,0.054,0.3324444444444445,-2.3468817218482183,0.002,Not flagged,Not flagged,Cold spot
Xinning,10732,-1.5093064729046493,0.088,0.40757894736842104,-2.0492245649439496,0.01,Not flagged,Not flagged,Cold spot
Xinshao,11514,-0.4952014508635553,0.966,0.9884651162790697,-0.4952014508635553,0.988,Not flagged,Not flagged,Not flagged
Shaoshan,55570,3.772369658903203,0.02,0.25142857142857145,3.136299939889146,0.046,Hot spot,Not flagged,Hot spot
Xiangxiang,29361,1.801348444537187,0.11,0.47443478260869565,2.8934501648634448,0.034,Not flagged,Not flagged,Hot spot
Baojing,14563,-0.6690399686017277,0.844,0.9636000000000001,-1.578816432080146,0.092,Not flagged,Not flagged,Not flagged
Fenghuang,13382,-0.7847254030187495,0.74,0.9469295774647887,-1.1238048120547122,0.37,Not flagged,Not flagged,Not flagged
Guzhang,11580,-1.0919608298702326,0.468,0.8874893617021277,-1.0919608298702326,0.458,Not flagged,Not flagged,Not flagged
Huayuan,20337,-0.9405216873908985,0.374,0.875906976744186,-1.2668925405833256,0.148,Not flagged,Not flagged,Not flagged
Jishou,31537,-1.2668925405833256,0.06,0.3324444444444445,-1.2668925405833256,0.048,Not flagged,Not flagged,Cold spot
Longshan,9754,-1.4056187715132606,0.066,0.3324444444444445,-1.5461842325148618,0.134,Not flagged,Not flagged,Not flagged
Luxi,17472,-1.1758262008055342,0.256,0.6933333333333334,-1.2021798936193204,0.232,Not flagged,Not flagged,Not flagged
Yongshun,9590,-1.7772333610308093,0.016,0.23466666666666666,-1.444845751256166,0.192,Cold spot,Not flagged,Not flagged
Anhua,14567,-0.9943651801656451,0.398,0.875906976744186,0.16595528815480712,0.55,Not flagged,Not flagged,Not flagged
Nan,21311,0.1375394225062229,0.582,0.9448421052631578,0.33494909459917666,0.606,Not flagged,Not flagged,Not flagged
Yuanjiang,26258,0.8183587278560959,0.42,0.875906976744186,0.6336834819238779,0.44,Not flagged,Not flagged,Not flagged
Jianghua,15801,-0.7897345645597225,0.656,0.9469295774647887,-0.8130106988037112,0.618,Not flagged,Not flagged,Not flagged
Lanshan,20088,-0.6755735361745098,0.694,0.9469295774647887,-0.8914908760190924,0.422,Not flagged,Not flagged,Not flagged
Ningyuan,12697,-0.7650977782549606,0.764,0.9469295774647887,-0.7237056695586229,0.75,Not flagged,Not flagged,Not flagged
Shuangpai,21942,-1.0522171508763125,0.234,0.6933333333333334,-0.790310038236557,0.496,Not flagged,Not flagged,Not flagged
Xintian,14426,-0.505194990963693,0.988,0.99,-0.323659074887919,0.942,Not flagged,Not flagged,Not flagged
Huarong,30413,0.1838035581964019,0.846,0.9636000000000001,0.4266975977247582,0.67,Not flagged,Not flagged,Not flagged
Linxiang,31897,0.45067527791369266,0.562,0.9448421052631578,0.8638692310313273,0.446,Not flagged,Not flagged,Not flagged
Miluo,42497,2.6602366319036697,0.06,0.3324444444444445,3.542731095344361,0.032,Not flagged,Not flagged,Hot spot
Pingjiang,17252,0.5218491972143123,0.208,0.6662857142857143,3.492574196012534,0.006,Not flagged,Not flagged,Hot spot
Xiangyin,33983,2.58659596486197,0.034,0.3324444444444445,3.6493769069671353,0.006,Hot spot,Not flagged,Hot spot
Cili,18714,-0.07089011602442871,0.612,0.9448421052631578,-0.07516040863312441,0.866,Not flagged,Not flagged,Not flagged
Chaling,20078,-0.2558182062395089,0.81,0.9636000000000001,0.16650704032137004,0.702,Not flagged,Not flagged,Not flagged
Liling,41491,0.9669724150387643,0.44,0.88,3.7001381062909107,0.008,Not flagged,Not flagged,Hot spot
Yanling,21021,0.5439474640877581,0.464,0.8874893617021277,0.1620142012507875,0.676,Not flagged,Not flagged,Not flagged
You,36264,0.4157834036891874,0.754,0.9469295774647887,0.3764618766548515,0.812,Not flagged,Not flagged,Not flagged
Zhuzhou,27589,0.8222212912001923,0.366,0.875906976744186,1.8338495398486805,0.118,Not flagged,Not flagged,Not flagged
Sangzhi,14624,-1.1733017561017205,0.052,0.3324444444444445,-1.4513879555168394,0.114,Not flagged,Not flagged,Not flagged
Yueyang,26360,0.6055241745773727,0.412,0.875906976744186,1.1004920887486769,0.316,Not flagged,Not flagged,Not flagged
Qiyang,20638,-0.4951832447178192,0.832,0.9636000000000001,-0.993433657269737,0.396,Not flagged,Not flagged,Not flagged
Taojiang,19509,1.1548830615057513,0.212,0.6662857142857143,3.1091327141641005,0.008,Not flagged,Not flagged,Hot spot
Shaoyang,9653,-1.6587888968179962,0.064,0.3324444444444445,-1.8681710325732794,0.034,Not flagged,Not flagged,Cold spot
Lianyuan,18346,0.2313459596839672,0.612,0.9448421052631578,0.2376042480698874,0.6,Not flagged,Not flagged,Not flagged
Hongjiang,17733,-0.7786139382858386,0.586,0.9448421052631578,-1.1652387723723079,0.302,Not flagged,Not flagged,Not flagged
Hengyang,19382,-0.47167601065479486,0.858,0.9636000000000001,-0.41727302581473646,0.856,Not flagged,Not flagged,Not flagged
Guiyang,32853,0.31143591868492176,0.754,0.9469295774647887,1.1073758538743639,0.324,Not flagged,Not flagged,Not flagged
Changsha,88656,5.7106917420405425,0.004,0.176,5.536343042699122,0.002,Hot spot,Not flagged,Hot spot
Taoyuan,22879,-0.23611488037787692,0.868,0.9636000000000001,-0.24573064983910084,0.996,Not flagged,Not flagged,Not flagged
Xiangtan,27060,1.3122133505649936,0.202,0.6662857142857143,2.7870145445422176,0.03,Not flagged,Not flagged,Hot spot
Dao,18059,-0.9472402316738718,0.39,0.875906976744186,-1.3308432440792195,0.154,Not flagged,Not flagged,Not flagged
Jiangyong,17168,-0.8692274458589435,0.428,0.875906976744186,-1.3308432440792195,0.176,Not flagged,Not flagged,Not flagged
