location,tau,p_value,classification,trend_q_bh,broad_class
Anxiang,0.20588237047195435,0.2660517692565918,sporadic coldspot,0.3902092615763346,Cold-spot family
Hanshou,0.17647060751914978,0.3434194326400757,sporadic hotspot,0.47220171988010406,Hot-spot family
Jinshi,0.7205883264541626,6.449222564697266e-5,oscilating hotspot,3.547072410583496e-4,Hot-spot family
Li,-0.8529412746429443,2.1674240997526795e-6,sporadic coldspot,3.1713944635056476e-5,Cold-spot family
Linli,0.1617647260427475,0.38701391220092773,oscilating hotspot,0.5083168584909012,Hot-spot family
Shimen,-0.6029412150382996,8.480901014991105e-4,oscilating coldspot,0.0032448664753009443,Cold-spot family
Liuyang,0.8529412746429443,2.1457672119140625e-6,sporadic hotspot,3.1713944635056476e-5,Hot-spot family
Ningxiang,-0.5735294818878174,0.0015148045495152473,sporadic coldspot,0.004937140753975621,Cold-spot family
Wangcheng,-0.14705884456634521,0.4338268041610718,sporadic coldspot,0.5532863589300625,Cold-spot family
Anren,0.4117647409439087,0.023476243019104004,sporadic coldspot,0.04804440431816633,Cold-spot family
Guidong,0.10294118523597717,0.5923012495040894,sporadic coldspot,0.6858224994257877,Cold-spot family
Jiahe,-0.29411768913269043,0.10816133767366409,sporadic coldspot,0.18304226375543153,Cold-spot family
Linwu,-0.22058826684951782,0.2322487235069275,sporadic coldspot,0.3464048757391461,Cold-spot family
Rucheng,-0.8382353782653809,3.2434716104035033e-6,sporadic coldspot,3.1713944635056476e-5,Cold-spot family
Yizhang,0.17647060751914978,0.3434194326400757,consecutive hotspot,0.47220171988010406,Hot-spot family
Yongxing,-0.10294118523597717,0.5923012495040894,oscilating coldspot,0.6858224994257877,Cold-spot family
Zixing,-0.7941177487373352,1.0451684829604346e-5,sporadic coldspot,7.664568875043187e-5,Cold-spot family
Changning,0.29411768913269043,0.1081613302230835,sporadic coldspot,0.18304226375543153,Cold-spot family
Hengdong,0.4117647409439087,0.023476243019104004,oscilating hotspot,0.04804440431816633,Hot-spot family
Hengnan,-0.3088235557079315,0.09123902767896652,no pattern detected,0.16385784562753172,Other / no class
Hengshan,0.4705882966518402,0.009455323219299316,no pattern detected,0.023773470733846936,Other / no class
Leiyang,0.35294121503829956,0.05286109447479248,sporadic coldspot,0.10112557203873344,Cold-spot family
Qidong,-0.11764707416296005,0.5366482734680176,sporadic coldspot,0.6559034453497993,Cold-spot family
Chenxi,0.7500000596046448,3.170967102050781e-5,oscilating hotspot,1.8633313787480194e-4,Hot-spot family
Zhongfang,-0.7500000596046448,3.1761330319568515e-5,sporadic coldspot,1.8633313787480194e-4,Cold-spot family
Huitong,-0.2352941483259201,0.20161229372024536,sporadic coldspot,0.3058945146100274,Cold-spot family
Jingzhou,-0.2500000298023224,0.17403356730937958,sporadic coldspot,0.27348132005759646,Cold-spot family
Mayang,0.4117647409439087,0.023476243019104004,sporadic coldspot,0.04804440431816633,Cold-spot family
Tongdao,0.29411768913269043,0.1081613302230835,sporadic coldspot,0.18304226375543153,Cold-spot family
Xinhuang,-0.044117651879787445,0.8368197083473206,sporadic coldspot,0.8872305341513761,Cold-spot family
Xupu,-0.029411768540740013,0.90164947509765625,sporadic hotspot,0.9445851643880209,Hot-spot family
Yuanling,-0.5882353782653809,0.0011370512656867504,sporadic coldspot,0.004002420455217362,Cold-spot family
Zhijiang,-0.323529452085495,0.07651364803314209,no pattern detected,0.1402750213940938,Other / no class
Lengshuijiang,0.14705884456634521,0.4338268041610718,oscilating coldspot,0.5532863589300625,Cold-spot family
Shuangfeng,0.08823530375957489,0.6504631042480469,sporadic coldspot,0.7338558099208734,Cold-spot family
Xinhua,0.08823530375957489,0.6504631042480469,sporadic hotspot,0.7338558099208734,Hot-spot family
Chengbu,0.10294118523597717,0.5923012495040894,sporadic hotspot,0.6858224994257877,Hot-spot family
Dongan,0.8382353782653809,3.2186508178710938e-06,sporadic hotspot,3.1713944635056476e-5,Hot-spot family
Dongkou,0.5147059559822083,0.004479050636291504,sporadic hotspot,0.013138548533121745,Hot-spot family
Longhui,-0.1617647260427475,0.3870139718055725,no pattern detected,0.5083168584909012,Other / no class
Shaodong,0.5882353782653809,0.0011370182037353516,no pattern detected,0.004002420455217362,Other / no class
Suining,0.4705882966518402,0.009455323219299316,sporadic hotspot,0.023773470733846936,Hot-spot family
Wugang,-0.044117651879787445,0.8368197083473206,sporadic coldspot,0.8872305341513761,Cold-spot family
Xinning,-0.27941179275512695,0.12747693061828613,sporadic coldspot,0.20774018322979962,Cold-spot family
Xinshao,-0.64705890417099,3.3868482569232583e-4,sporadic coldspot,0.0014192506981392703,Cold-spot family
Shaoshan,0.10294118523597717,0.5923012495040894,sporadic coldspot,0.6858224994257877,Cold-spot family
Xiangxiang,0.617647111415863,6.285905838012695e-4,sporadic hotspot,0.002514362335205078,Hot-spot family
Baojing,0.044117651879787445,0.8368196487426758,sporadic hotspot,0.8872305341513761,Hot-spot family
Fenghuang,0.8382353782653809,3.2186508178710938e-06,sporadic hotspot,3.1713944635056476e-5,Hot-spot family
Guzhang,-0.3970588743686676,0.029020393267273903,sporadic coldspot,0.058040786534547806,Cold-spot family
Huayuan,0.89705890417099,5.9604644775390625e-07,sporadic hotspot,1.7484029134114582e-5,Hot-spot family
Jishou,0.4852941632270813,0.007416963577270508,sporadic coldspot,0.021054606283864668,Cold-spot family
Longshan,-0.44117653369903564,0.015083621256053448,sporadic coldspot,0.03587455866304604,Cold-spot family
Luxi,0.323529452085495,0.07651364803314209,sporadic hotspot,0.1402750213940938,Hot-spot family
Yongshun,0.044117651879787445,0.8368196487426758,sporadic coldspot,0.8872305341513761,Cold-spot family
Anhua,-0.27941179275512695,0.12747693061828613,sporadic coldspot,0.20774018322979962,Cold-spot family
Nan,0.9705883264541626,1.1920928955078125e-7,sporadic hotspot,1.049041748046875e-5,Hot-spot family
Yuanjiang,0.4117647409439087,0.023476243019104004,sporadic coldspot,0.04804440431816633,Cold-spot family
Jianghua,0.4117647409439087,0.023476243019104004,sporadic coldspot,0.04804440431816633,Cold-spot family
Lanshan,0.8235294818878174,4.76837158203125e-6,oscilating hotspot,4.1961669921875e-5,Hot-spot family
Ningyuan,0.5735294818878174,0.0015147924423217773,sporadic coldspot,0.004937140753975621,Cold-spot family
Shuangpai,-0.19117648899555206,0.3030965328216553,sporadic coldspot,0.43725401456238794,Cold-spot family
Xintian,0.42647063732147217,0.018875598907470703,sporadic hotspot,0.04371191325940584,Hot-spot family
Huarong,0.4705882966518402,0.009455323219299316,sporadic coldspot,0.023773470733846936,Cold-spot family
Linxiang,-0.5588235855102539,0.002005293034017086,sporadic coldspot,0.006085165615739493,Cold-spot family
Miluo,0.6911765336990356,1.2767314910888672e-4,sporadic hotspot,6.241798400878906e-4,Hot-spot family
Pingjiang,-0.45588240027427673,0.01197940856218338,sporadic coldspot,0.029282998707559377,Cold-spot family
Xiangyin,0.8088236451148987,7.152557373046875e-6,sporadic hotspot,5.7220458984375e-5,Hot-spot family
Cili,0.6617648005485535,2.4628639221191406e-4,sporadic hotspot,0.001140694869192023,Hot-spot family
Chaling,0.8823530673980713,9.5367431640625e-7,sporadic hotspot,2.09808349609375e-5,Hot-spot family
Liling,-0.64705890417099,3.3868482569232583e-4,sporadic hotspot,0.0014192506981392703,Hot-spot family
Yanling,0,1,sporadic coldspot,1,Cold-spot family
You,-0.7058824300765991,9.104339551413432e-5,sporadic coldspot,4.7128345913198945e-4,Cold-spot family
Zhuzhou,-0.4705882966518402,0.009455357678234577,oscilating coldspot,0.023773470733846936,Cold-spot family
Sangzhi,0.11764707416296005,0.5366482734680176,sporadic coldspot,0.6559034453497993,Cold-spot family
Yueyang,-0.014705884270370007,0.9671423435211182,sporadic coldspot,0.9782589221822805,Cold-spot family
Qiyang,0.17647060751914978,0.3434194326400757,sporadic hotspot,0.47220171988010406,Hot-spot family
Taojiang,-0.26470592617988586,0.14937515556812286,sporadic hotspot,0.2390002489089966,Hot-spot family
Shaoyang,-0.2352941483259201,0.20161229372024536,sporadic coldspot,0.3058945146100274,Cold-spot family
Lianyuan,-0.014705884270370007,0.9671423435211182,sporadic hotspot,0.9782589221822805,Hot-spot family
Hongjiang,0.35294121503829956,0.05286109447479248,oscilating hotspot,0.10112557203873344,Hot-spot family
Hengyang,0.5588235855102539,0.002005338668823242,oscilating hotspot,0.006085165615739493,Hot-spot family
Guiyang,0.11764707416296005,0.5366482734680176,sporadic coldspot,0.6559034453497993,Cold-spot family
Changsha,0.7500000596046448,3.170967102050781e-5,oscilating hotspot,1.8633313787480194e-4,Hot-spot family
Taoyuan,0.1617647260427475,0.38701391220092773,sporadic coldspot,0.5083168584909012,Cold-spot family
Xiangtan,0.014705884270370007,0.9671423435211182,sporadic coldspot,0.9782589221822805,Cold-spot family
Dao,0.89705890417099,5.9604644775390625e-07,sporadic hotspot,1.7484029134114582e-5,Hot-spot family
Jiangyong,0.044117651879787445,0.8368196487426758,no pattern detected,0.8872305341513761,Other / no class
