month,events,fatalities,source
2021-01-01,62,21,"ACLED (Armed Conflict Location & Event Data), course file accessed 2026-10-08; https://acleddata.com/; original township/time aggregation and statistics"
2021-02-01,66,41,"ACLED (Armed Conflict Location & Event Data), course file accessed 2026-10-08; https://acleddata.com/; original township/time aggregation and statistics"
2021-03-01,272,304,"ACLED (Armed Conflict Location & Event Data), course file accessed 2026-10-08; https://acleddata.com/; original township/time aggregation and statistics"
2021-04-01,465,330,"ACLED (Armed Conflict Location & Event Data), course file accessed 2026-10-08; https://acleddata.com/; original township/time aggregation and statistics"
2021-05-01,866,851,"ACLED (Armed Conflict Location & Event Data), course file accessed 2026-10-08; https://acleddata.com/; original township/time aggregation and statistics"
2021-06-01,627,706,"ACLED (Armed Conflict Location & Event Data), course file accessed 2026-10-08; https://acleddata.com/; original township/time aggregation and statistics"
2021-07-01,509,854,"ACLED (Armed Conflict Location & Event Data), course file accessed 2026-10-08; https://acleddata.com/; original township/time aggregation and statistics"
2021-08-01,565,812,"ACLED (Armed Conflict Location & Event Data), course file accessed 2026-10-08; https://acleddata.com/; original township/time aggregation and statistics"
2021-09-01,931,1247,"ACLED (Armed Conflict Location & Event Data), course file accessed 2026-10-08; https://acleddata.com/; original township/time aggregation and statistics"
2021-10-01,1052,1728,"ACLED (Armed Conflict Location & Event Data), course file accessed 2026-10-08; https://acleddata.com/; original township/time aggregation and statistics"
2021-11-01,977,1963,"ACLED (Armed Conflict Location & Event Data), course file accessed 2026-10-08; https://acleddata.com/; original township/time aggregation and statistics"
2021-12-01,975,2191,"ACLED (Armed Conflict Location & Event Data), course file accessed 2026-10-08; https://acleddata.com/; original township/time aggregation and statistics"
2022-01-01,1095,2006,"ACLED (Armed Conflict Location & Event Data), course file accessed 2026-10-08; https://acleddata.com/; original township/time aggregation and statistics"
2022-02-01,824,1749,"ACLED (Armed Conflict Location & Event Data), course file accessed 2026-10-08; https://acleddata.com/; original township/time aggregation and statistics"
2022-03-01,906,2054,"ACLED (Armed Conflict Location & Event Data), course file accessed 2026-10-08; https://acleddata.com/; original township/time aggregation and statistics"
2022-04-01,990,2207,"ACLED (Armed Conflict Location & Event Data), course file accessed 2026-10-08; https://acleddata.com/; original township/time aggregation and statistics"
2022-05-01,990,2446,"ACLED (Armed Conflict Location & Event Data), course file accessed 2026-10-08; https://acleddata.com/; original township/time aggregation and statistics"
2022-06-01,929,2165,"ACLED (Armed Conflict Location & Event Data), course file accessed 2026-10-08; https://acleddata.com/; original township/time aggregation and statistics"
2022-07-01,959,2178,"ACLED (Armed Conflict Location & Event Data), course file accessed 2026-10-08; https://acleddata.com/; original township/time aggregation and statistics"
2022-08-01,1024,2269,"ACLED (Armed Conflict Location & Event Data), course file accessed 2026-10-08; https://acleddata.com/; original township/time aggregation and statistics"
2022-09-01,1058,1757,"ACLED (Armed Conflict Location & Event Data), course file accessed 2026-10-08; https://acleddata.com/; original township/time aggregation and statistics"
2022-10-01,1059,1789,"ACLED (Armed Conflict Location & Event Data), course file accessed 2026-10-08; https://acleddata.com/; original township/time aggregation and statistics"
2022-11-01,1060,1956,"ACLED (Armed Conflict Location & Event Data), course file accessed 2026-10-08; https://acleddata.com/; original township/time aggregation and statistics"
2022-12-01,871,1430,"ACLED (Armed Conflict Location & Event Data), course file accessed 2026-10-08; https://acleddata.com/; original township/time aggregation and statistics"
2023-01-01,974,1763,"ACLED (Armed Conflict Location & Event Data), course file accessed 2026-10-08; https://acleddata.com/; original township/time aggregation and statistics"
2023-02-01,924,1715,"ACLED (Armed Conflict Location & Event Data), course file accessed 2026-10-08; https://acleddata.com/; original township/time aggregation and statistics"
2023-03-01,989,2054,"ACLED (Armed Conflict Location & Event Data), course file accessed 2026-10-08; https://acleddata.com/; original township/time aggregation and statistics"
2023-04-01,849,1901,"ACLED (Armed Conflict Location & Event Data), course file accessed 2026-10-08; https://acleddata.com/; original township/time aggregation and statistics"
2023-05-01,932,1741,"ACLED (Armed Conflict Location & Event Data), course file accessed 2026-10-08; https://acleddata.com/; original township/time aggregation and statistics"
2023-06-01,956,1718,"ACLED (Armed Conflict Location & Event Data), course file accessed 2026-10-08; https://acleddata.com/; original township/time aggregation and statistics"
2023-07-01,1126,1872,"ACLED (Armed Conflict Location & Event Data), course file accessed 2026-10-08; https://acleddata.com/; original township/time aggregation and statistics"
2023-08-01,1094,1634,"ACLED (Armed Conflict Location & Event Data), course file accessed 2026-10-08; https://acleddata.com/; original township/time aggregation and statistics"
2023-09-01,1063,1445,"ACLED (Armed Conflict Location & Event Data), course file accessed 2026-10-08; https://acleddata.com/; original township/time aggregation and statistics"
2023-10-01,1111,1706,"ACLED (Armed Conflict Location & Event Data), course file accessed 2026-10-08; https://acleddata.com/; original township/time aggregation and statistics"
2023-11-01,1466,2477,"ACLED (Armed Conflict Location & Event Data), course file accessed 2026-10-08; https://acleddata.com/; original township/time aggregation and statistics"
2023-12-01,1449,1617,"ACLED (Armed Conflict Location & Event Data), course file accessed 2026-10-08; https://acleddata.com/; original township/time aggregation and statistics"
2024-01-01,1307,1860,"ACLED (Armed Conflict Location & Event Data), course file accessed 2026-10-08; https://acleddata.com/; original township/time aggregation and statistics"
2024-02-01,1056,1584,"ACLED (Armed Conflict Location & Event Data), course file accessed 2026-10-08; https://acleddata.com/; original township/time aggregation and statistics"
2024-03-01,1297,2037,"ACLED (Armed Conflict Location & Event Data), course file accessed 2026-10-08; https://acleddata.com/; original township/time aggregation and statistics"
2024-04-01,1166,1753,"ACLED (Armed Conflict Location & Event Data), course file accessed 2026-10-08; https://acleddata.com/; original township/time aggregation and statistics"
2024-05-01,1045,1706,"ACLED (Armed Conflict Location & Event Data), course file accessed 2026-10-08; https://acleddata.com/; original township/time aggregation and statistics"
2024-06-01,995,1803,"ACLED (Armed Conflict Location & Event Data), course file accessed 2026-10-08; https://acleddata.com/; original township/time aggregation and statistics"
2024-07-01,1161,2308,"ACLED (Armed Conflict Location & Event Data), course file accessed 2026-10-08; https://acleddata.com/; original township/time aggregation and statistics"
2024-08-01,1076,2203,"ACLED (Armed Conflict Location & Event Data), course file accessed 2026-10-08; https://acleddata.com/; original township/time aggregation and statistics"
2024-09-01,866,1607,"ACLED (Armed Conflict Location & Event Data), course file accessed 2026-10-08; https://acleddata.com/; original township/time aggregation and statistics"
2024-10-01,1006,1013,"ACLED (Armed Conflict Location & Event Data), course file accessed 2026-10-08; https://acleddata.com/; original township/time aggregation and statistics"
2024-11-01,1116,1422,"ACLED (Armed Conflict Location & Event Data), course file accessed 2026-10-08; https://acleddata.com/; original township/time aggregation and statistics"
2024-12-01,1007,1133,"ACLED (Armed Conflict Location & Event Data), course file accessed 2026-10-08; https://acleddata.com/; original township/time aggregation and statistics"
2025-01-01,1005,1595,"ACLED (Armed Conflict Location & Event Data), course file accessed 2026-10-08; https://acleddata.com/; original township/time aggregation and statistics"
2025-02-01,1016,1306,"ACLED (Armed Conflict Location & Event Data), course file accessed 2026-10-08; https://acleddata.com/; original township/time aggregation and statistics"
2025-03-01,964,1288,"ACLED (Armed Conflict Location & Event Data), course file accessed 2026-10-08; https://acleddata.com/; original township/time aggregation and statistics"
2025-04-01,983,940,"ACLED (Armed Conflict Location & Event Data), course file accessed 2026-10-08; https://acleddata.com/; original township/time aggregation and statistics"
2025-05-01,952,1131,"ACLED (Armed Conflict Location & Event Data), course file accessed 2026-10-08; https://acleddata.com/; original township/time aggregation and statistics"
2025-06-01,990,1334,"ACLED (Armed Conflict Location & Event Data), course file accessed 2026-10-08; https://acleddata.com/; original township/time aggregation and statistics"
2025-07-01,888,1302,"ACLED (Armed Conflict Location & Event Data), course file accessed 2026-10-08; https://acleddata.com/; original township/time aggregation and statistics"
2025-08-01,1010,1717,"ACLED (Armed Conflict Location & Event Data), course file accessed 2026-10-08; https://acleddata.com/; original township/time aggregation and statistics"
2025-09-01,928,1266,"ACLED (Armed Conflict Location & Event Data), course file accessed 2026-10-08; https://acleddata.com/; original township/time aggregation and statistics"
