simulation,maximum_llr
1,3.2895066227451792
2,4.297942023043088
3,6.224562384375318
4,3.986932152610315
5,6.263482428797117
6,4.1063692846846145
7,4.897677768892541
8,4.454629383060919
9,5.882491779883447
10,4.626831275370932
11,5.559038319692126
12,6.900563366855636
13,6.169514388447261
14,4.653046954518494
15,6.209455536340542
16,7.911631469579309
17,5.321434238647882
18,3.4574891841413553
19,9.786496331160485
20,5.171627785333122
21,4.6669410427698566
22,4.28737141168525
23,6.80280523142482
24,7.010018673310761
25,3.8114749328063198
26,9.967602480088946
27,4.400122002242398
28,3.873716732707574
29,4.874212495350285
30,8.160595306033741
31,4.602322115565446
32,5.978934022973686
33,4.49661012134974
34,7.691317551665989
35,6.37972388076966
36,5.001527558953228
37,6.198925215979113
38,4.447773745859155
39,5.036094712739427
40,5.253198180597579
41,4.826338653672874
42,4.656513337750056
43,6.579833304532492
44,4.8360147995310925
45,7.471848592087806
46,4.698137928651391
47,4.879175151556591
48,5.4750140641111855
49,3.9164725047408275
50,5.040825392528802
51,4.598173660269407
52,3.971235802585652
53,6.697882191577484
54,5.051312393719698
55,3.320270206391767
56,3.9415763149719467
57,7.911129305210835
58,5.373259065124076
59,4.6854058861073895
60,5.18833027609697
61,4.7043089066792305
62,4.827968874614356
63,4.3668742988309965
64,5.442112185312292
65,4.553446618601569
66,6.241177225680628
67,4.447773745859155
68,4.803070097650547
69,4.660695725501078
70,6.35298979081638
71,6.087500487636365
72,5.281152220959285
73,6.975696858495867
74,5.622837350118364
75,6.539385920673546
76,6.393130365357312
77,6.527165342507601
78,5.109722696535059
79,7.489957437111158
80,5.53417318306402
81,5.240633652904233
82,5.7318688434794005
83,5.993171919397106
84,5.495909468902344
85,5.628067810658095
86,4.8132263875718735
87,6.3531671994613035
88,4.753943186537931
89,5.755906070817815
90,8.400123869956687
91,5.087525300497241
92,5.407154037591354
93,4.213151435948537
94,7.273616800603165
95,6.426154279623173
96,5.515032836772825
97,4.98066821964048
98,3.453636017650716
99,8.898190993797867
100,6.4083077309239265
101,5.200588352788969
102,4.910825804331391
103,4.787361346282086
104,5.108456999976035
105,4.825034008409395
106,4.929840858261784
107,4.842387817867383
108,9.157602043286403
109,4.850371058787093
110,5.209811730403249
111,5.397819878466208
112,4.984060587640279
113,5.691472748943866
114,3.889043635358906
115,4.475244221242939
116,6.201937089651318
117,5.962690743967663
118,5.9038285371589385
119,4.268748937677712
120,5.147293639012267
121,7.190742989150337
122,4.802576709736126
123,6.272153434273315
124,5.770272869225018
125,5.808309719271108
126,6.419176700825815
127,7.286723491528651
128,6.817045981783824
129,5.677049431575271
130,5.213813536118305
131,9.76184731158314
132,6.132377854011311
133,4.989177795334442
134,5.237567688590765
135,6.817045981783824
136,7.1154296730822715
137,4.035364887704311
138,5.615909601125253
139,6.771980131240397
140,5.491563661399205
141,7.596205508596903
142,3.7052801983422015
143,5.442112185312292
144,5.622837350118364
145,4.826338653672874
146,4.128732747414961
147,5.056274943738586
148,4.447773745859155
149,6.180448210144036
150,4.2409871932068555
151,4.994035825145037
152,4.787361346282086
153,5.1413448165389894
154,8.466773527342056
155,5.608603530268789
156,6.9158843074005905
157,5.491563661399205
158,4.821830625021054
159,4.096097366086921
160,6.64124155686508
161,4.775071819909122
162,9.24148727041559
163,6.624253935430971
164,5.996988072823271
165,7.170609781978698
166,5.391749797725083
167,5.541971345107402
168,4.6569234217444695
169,5.371409163939916
170,4.201480848521358
171,6.463248936853802
172,6.609379270517714
173,3.9096286766444948
174,3.904293631189253
175,5.994565024506432
176,7.0041098619395665
177,4.529118831355149
178,3.816214035931228
179,5.989774976962801
180,7.0041098619395665
181,3.453636017650716
182,4.329549573651434
183,5.8926102008344685
184,6.087697628339894
185,6.523196505716697
186,3.5242785990530194
187,5.173602618875734
188,6.447407139598962
189,3.4697408143630266
190,4.009768747528788
191,5.532759452280629
192,5.943886212839622
193,7.733998278954498
194,3.547737036996196
195,5.076136223180878
196,3.320270206391767
197,3.8552004985099413
198,8.26925756084777
199,4.2126770233008415
200,5.925142895928458
201,4.0862497820548
202,5.306390435992611
203,4.314049523685554
204,5.892743497047113
205,5.804693219885706
206,8.066642052968078
207,5.278839771279507
208,5.510132517250931
209,5.503834679583843
210,5.8521692517164325
211,4.98066821964048
212,4.086028686109408
213,5.648422896907629
214,8.27882115982738
215,6.671040577994155
216,6.562988272490021
217,5.191689286490657
218,8.269121064744496
219,4.635763127397112
220,6.9775836600583006
221,4.076823051090869
222,4.62000410685296
223,4.699174473427405
224,4.881808881135761
225,3.320270206391767
226,8.239396560238193
227,4.551476170934549
228,5.744726015862145
229,4.976824437063698
230,5.795429264053091
231,4.156473650966078
232,6.489861230955878
233,3.8785338234862294
234,4.601455073562224
235,4.5023590989850035
236,3.8349763904116685
237,4.787361346282086
238,5.417276785829188
239,9.052946913969684
240,4.580111084782949
241,6.087697628339894
242,6.146507931697755
243,8.042569476601752
244,4.584296297024162
245,4.919813838512173
246,4.8132263875718735
247,8.007273893667886
248,7.4931371094073285
249,6.18835198427368
250,6.067367414609649
251,6.033231291416337
252,7.194804970051136
253,5.907755522231347
254,6.435566642556665
255,3.965154181116503
256,4.554893998765188
257,6.995444049620588
258,5.213813536118305
259,4.0262433648035625
260,5.402224355192111
261,3.811405587061312
262,5.960760422207734
263,4.443318192158529
264,4.3867098036310175
265,4.358780042537752
266,6.272153434273315
267,5.593403876011274
268,5.514865306228316
269,6.002015724735784
270,9.653110441735492
271,9.03191099280738
272,6.485424102265403
273,4.163126810742586
274,6.279807233724483
275,4.441844266566129
276,4.185811220658383
277,4.98066821964048
278,7.479220657721518
279,4.98066821964048
280,5.924103201781026
281,6.967310447541294
282,4.372861568218838
283,3.9164725047408275
284,7.286723491528651
285,5.56488094586787
286,6.454308228260301
287,3.665187506227868
288,4.7929992701461615
289,5.510578036592605
290,4.084228633385894
291,4.427182736653078
292,6.087697628339894
293,3.5165999800186345
294,5.108729275112915
295,5.147293639012267
296,6.140593806742192
297,5.611781904328732
298,8.095724551853294
299,5.0578181494473995
300,4.707292829859615
301,5.06600050091096
302,4.062945017577196
303,5.833265377428205
304,3.512681556934673
305,5.332399160953226
306,6.826329772142057
307,3.745830962844442
308,4.611011096611325
309,5.873028014163335
310,5.266682879480378
311,4.017144020885233
312,5.3953193509230175
313,4.179474741240732
314,5.559038319692126
315,4.527491813725984
316,5.882491779883447
317,5.631550942652574
318,5.999547702879523
319,4.1063692846846145
320,5.749677219640759
321,6.517015800574626
322,5.53417318306402
323,4.003446625037274
324,5.983237811968117
325,6.85433427624352
326,5.354234899640964
327,6.515682739197132
328,5.207198792508123
329,5.344255477578599
330,4.653046954518494
331,4.843010761363452
332,5.147293639012267
333,5.105245670754902
334,7.23828590371977
335,7.082600080575617
336,5.140542788817074
337,4.7181163323620865
338,4.489615199036521
339,4.929840858261784
340,4.4310410841156935
341,4.4560229200180785
342,7.785455618915307
343,7.377660790096911
344,7.748701294972686
345,3.962162598109085
346,4.207808985118248
347,9.322183413615761
348,4.467612961759443
349,3.320270206391767
350,5.151344408906816
351,4.8034030027279755
352,5.526823660322471
353,3.873716732707574
354,4.4295295772883385
355,4.479880179045935
356,5.706175766985839
357,8.256495659909312
358,4.4185149489432725
359,6.183459981899912
360,6.306185858972967
361,7.194804970051136
362,6.774771858846297
363,7.702354037886998
364,4.22975686601006
365,4.313734477489476
366,6.146507931697755
367,2.9892550305198355
368,4.98066821964048
369,6.62875712499353
370,9.287511283627108
371,7.8798014634013
372,5.548520991071328
373,7.250600061758988
374,4.404862022449613
375,4.44939677142597
376,4.306085950847219
377,4.930910908990018
378,4.677757569716633
379,6.567991378170145
380,3.898829042206831
381,4.28737141168525
382,4.922359402949908
383,5.0718612089221935
384,4.9473714555031645
385,5.32520910995113
386,3.985917106305486
387,4.397701176285281
388,7.076094651647743
389,5.450971463160727
390,6.18589824221694
391,4.193335691067032
392,5.070649499220856
393,8.275628932637638
394,5.849121260486875
395,5.21830463136353
396,4.527383635585016
397,5.444289422273577
398,5.566699177720896
399,5.76280156655443
400,5.687735702333448
401,4.461537411693811
402,7.908863764226922
403,8.163420551151173
404,4.316739524580611
405,4.580111084782949
406,12.658431171384962
407,4.547147423343926
408,3.555116504191325
409,5.593403876011274
410,6.813104756108743
411,4.84876380605408
412,3.7673598783740445
413,4.730252613060088
414,9.172844586506141
415,6.077965554970824
416,6.540634272591404
417,5.0541695185106335
418,5.602357237843293
419,6.658002145620799
420,8.596971980902154
421,5.82024032627486
422,7.435547416924948
423,3.9342037941596075
424,6.047677472295625
425,4.396725044571269
426,9.580435016108126
427,5.035300132015582
428,4.5496568900806
429,4.715756139913481
430,5.29430299626387
431,6.275761422977794
432,4.411451172239126
433,5.232190431605403
434,7.274046231454374
435,7.749737927978714
436,7.263216549667064
437,5.647676065875528
438,6.218805938232258
439,7.3269709232689735
440,3.703089347879599
441,6.388784480361455
442,4.770069880740593
443,4.854241101858392
444,5.541661053815822
445,6.01907392243362
446,5.4000027676060824
447,4.5161849515509225
448,3.846752715843561
449,9.605790049991214
450,4.757069317959662
451,6.413201783713539
452,7.516187520289707
453,4.929840858261784
454,4.447773745859155
455,3.8929305400341274
456,7.077827242357131
457,5.4225207727313
458,6.73996289802114
459,6.087697628339894
460,4.206180206028343
461,4.443326924445774
462,4.336598596411399
463,3.3755695400673034
464,4.743824000584681
465,4.28737141168525
466,5.619170963736053
467,6.64124155686508
468,3.8025331019866755
469,8.19144693250399
470,5.026014012562088
471,5.35204609915418
472,5.875995758832438
473,5.802132661050546
474,5.1718864712292225
475,4.604592385472614
476,6.733609779333193
477,3.9842048527134892
478,5.9038285371589385
479,6.439258771238592
480,3.326392690816138
481,6.436338812984836
482,5.839888389364148
483,4.4832714423037405
484,4.427182736653078
485,5.583272940581448
486,7.158966647369823
487,3.9881967677031582
488,4.585564273314233
489,8.492913182859393
490,4.6759882970748805
491,5.834523494972572
492,3.6509322222590157
493,9.462484732658297
494,5.222805108065382
495,6.14597276450319
496,4.165922391066999
497,10.150609076031003
498,4.715830717230876
499,5.691320055672797
500,3.4807624998718687
501,5.344831750550593
502,6.345022661035884
503,4.9944155261807905
504,5.31215586364792
505,5.145615919912686
506,4.527460500085205
507,5.662599191481476
508,5.53417318306402
509,5.448423800668367
510,7.801298098248903
511,3.578681215268224
512,3.9434916797465807
513,4.973191604796437
514,6.64124155686508
515,4.467612961759443
516,5.9708074333652945
517,4.91047016330964
518,5.53417318306402
519,5.716664145995745
520,3.3110460859821638
521,4.616414125151721
522,3.971235802585652
523,5.141887544005662
524,5.405537967629813
525,5.880854542401551
526,6.70949112936966
527,5.518586410086899
528,6.084020745832078
529,6.1451735917223544
530,4.172435530725181
531,4.568722119733216
532,4.8970210905257545
533,6.281702289936337
534,5.121655077549718
535,5.559038319692126
536,4.366988265211354
537,4.98066821964048
538,4.70955605682893
539,5.191689286490657
540,5.428442032846149
541,6.4377150501439395
542,4.622276987206533
543,5.454156695193156
544,6.727530098660324
545,8.022278013621879
546,7.417001252144445
547,5.907755522231347
548,5.088509642344157
549,5.7811327460048325
550,7.505006106463618
551,3.512524431542018
552,7.5377124496666426
553,6.967837656728221
554,7.367041342667235
555,7.876477680808257
556,4.350592087844182
557,5.63834877850266
558,3.8552004985099413
559,4.98066821964048
560,6.656390447795928
561,4.319759965643814
562,6.040410371283983
563,4.98066821964048
564,6.443986517729442
565,3.971235802585652
566,3.7252813609849156
567,5.804227308524595
568,4.153386985331224
569,4.434981699427098
570,5.525939277434887
571,8.816449391206774
572,4.069094450453846
573,8.48818047043477
574,4.611011096611325
575,8.626842938243001
576,5.611443978310831
577,6.178613138726973
578,4.961163838730396
579,4.560429974762252
580,7.662920681546751
581,4.538087907723465
582,6.140263229679356
583,4.995145191440823
584,4.660089603345533
585,5.416700754367351
586,6.543062468845548
587,5.525411870500697
588,7.13464177936833
589,8.498541099310444
590,4.540545970301763
591,5.53417318306402
592,6.008734160235523
593,6.46411685484199
594,4.787651659150637
595,4.44213920522628
596,5.321434238647882
597,4.956641929531713
598,7.272252832140964
599,3.873716732707574
600,3.2707539339095746
601,6.652700275960598
602,5.907755522231347
603,6.856402346015006
604,7.944680492747847
605,4.98066821964048
606,4.811662096300857
607,7.03974598811611
608,4.48035144688793
609,4.612797950303985
610,5.559038319692126
611,5.416700754367351
612,4.836949616011246
613,7.7453611281700105
614,5.879125349749334
615,7.707322581791772
616,4.572336687480291
617,4.929840858261784
618,4.936917442581716
619,6.326282518430638
620,4.220008581394474
621,4.54241244751033
622,4.471355156772688
623,4.236936702963263
624,4.653046954518494
625,6.801663057228897
626,8.411270014091807
627,4.102102985786459
628,4.319759965643814
629,4.618825851134048
630,5.594098675165938
631,5.530839285124486
632,4.98066821964048
633,5.9299511400739675
634,4.869331483485915
635,5.2746937444508175
636,5.147293639012267
637,6.045998155940918
638,6.087697628339894
639,5.24030544205219
640,4.0258901535354745
641,7.479220657721518
642,6.713664088846613
643,5.796366024444744
644,5.425984700232634
645,6.137343763827069
646,4.280045702520049
647,6.680513741503503
648,6.5507648486273595
649,4.929840858261784
650,9.012199405632288
651,4.954093550338584
652,4.935279809179088
653,6.454308228260301
654,9.288046913786125
655,5.425984700232634
656,3.2856710429209954
657,3.645081802925148
658,4.505142437091585
659,4.591098386297004
660,7.016805895996562
661,4.826338653672874
662,3.9833638400821343
663,5.90576109494603
664,5.556255329796713
665,6.012416706395186
666,7.536220682567075
667,6.687718845195423
668,5.236483383649659
669,4.98066821964048
670,6.607447700496522
671,7.052280013464504
672,6.04416347112744
673,3.873716732707574
674,4.370832126089121
675,4.527018271653013
676,6.458596924794453
677,6.24998755413154
678,5.73593701193632
679,8.163387310910437
680,7.259269925577364
681,4.646186230175061
682,8.457949543197689
683,6.4083077309239265
684,5.994302613664104
685,4.594424099415576
686,4.319759965643814
687,4.98066821964048
688,5.880854542401551
689,4.730252613060088
690,5.46141898455717
691,4.907151957051511
692,8.1114515667564
693,3.3556832828875844
694,5.725960579023017
695,5.598265904039337
696,5.428199987559957
697,5.879477353038105
698,3.747161315161713
699,6.233626540007286
700,4.500354077765458
701,4.480217387427359
702,6.96006999985817
703,5.209811730403249
704,6.087500487636365
705,7.522223333184911
706,6.178613138726973
707,5.1718864712292225
708,4.820447736867379
709,4.826338653672874
710,5.512619144079672
711,6.1024539782462455
712,4.4310410841156935
713,5.851319793994165
714,7.748701294972686
715,5.290350124134882
716,4.615897127088516
717,4.436338156916332
718,6.9158843074005905
719,4.809472409944561
720,6.198925215979113
721,6.931235605660902
722,4.527897485020517
723,4.547147423343926
724,3.6646560379118043
725,5.53417318306402
726,4.929840858261784
727,4.912797839666396
728,4.9944155261807905
729,6.407695824200786
730,10.207147594057034
731,3.9389044195506955
732,5.395370808489066
733,4.908420627545027
734,4.787361346282086
735,3.1721155508911587
736,4.537483498836611
737,5.444289422273577
738,6.66449458321928
739,4.929840858261784
740,5.193297748416768
741,5.904305385017729
742,4.391229367280978
743,5.53417318306402
744,4.6081868997020905
745,7.888451550249783
746,4.558483976599257
747,5.331395608153876
748,4.128602003231606
749,4.813097869004967
750,5.7611470261489295
751,5.103488047534736
752,6.146448934443068
753,6.078826566436265
754,3.7524714674718496
755,9.900494319366164
756,5.528688221729901
757,5.329563754993167
758,3.8678009069606887
759,4.961163838730396
760,5.437804580218625
761,3.206108199814228
762,4.644042878803873
763,3.971235802585652
764,5.53417318306402
765,7.230608983928402
766,6.340904132610341
767,3.971235802585652
768,8.762384302701491
769,5.2651621174026175
770,3.4697408143630266
771,6.141794704073881
772,4.743484200753954
773,4.62000410685296
774,5.9584519290903515
775,4.336598596411399
776,4.044121175518953
777,8.830031670208804
778,4.3351253937987515
779,4.584197475960977
780,6.1913912582838435
781,7.103720762368855
782,5.41272899666798
783,6.776154668932023
784,5.744726015862145
785,5.5865152851240225
786,7.569298343753886
787,6.087697628339894
788,6.716703645674961
789,3.624185676663018
790,5.303709140492984
791,5.8901016240868245
792,5.804157689255902
793,4.551699222901956
794,4.319759965643814
795,4.483992325939138
796,4.972791168434394
797,6.19323862412244
798,7.657830774316686
799,5.298468770021316
800,5.944894932457871
801,4.6632788028416385
802,4.879559902977789
803,5.606409600478534
804,4.323063288883418
805,4.980615197287541
806,7.1549930241046695
807,5.622214860419062
808,5.34278273259477
809,6.2961764824780175
810,6.181633091800336
811,6.26523335706768
812,4.787651659150637
813,4.65878581228918
814,5.344831750550593
815,5.530303202345099
816,3.8458299731342453
817,6.855106034701144
818,5.892743497047113
819,4.065333201407277
820,5.361101629109868
821,5.426680572254824
822,4.05337346516103
823,8.28129271106874
824,5.1714293052866935
825,4.407118294122512
826,6.02408963774136
827,5.772519684465287
828,5.568384000968038
829,7.603289482593798
830,5.53417318306402
831,4.916333106938389
832,3.7215485263187276
833,7.5157851148911945
834,4.458982676457778
835,6.29997281855951
836,3.5165999800186345
837,5.36609267465974
838,5.2646897702884345
839,5.347480266506036
840,8.129315180503468
841,4.140638379004631
842,6.625692474012519
843,4.665022057626068
844,6.310376494773394
845,7.286798424720253
846,4.850371058787093
847,4.170932501840554
848,3.8339722905543576
849,6.840538272470795
850,4.977560927052188
851,6.686778950732098
852,4.208697688178368
853,8.301538358715476
854,7.703926435859088
855,4.268748937677712
856,4.380893075351505
857,5.6719587231820014
858,4.787361346282086
859,6.067180842795313
860,6.58000430666808
861,5.2613755290062905
862,6.902159041059953
863,5.3953193509230175
864,5.498466278625173
865,5.453257656509571
866,5.7464750671316125
867,4.549988995869445
868,4.419680024457307
869,6.132377854011311
870,11.58064362750936
871,8.411270014091807
872,5.79489719409959
873,4.427182736653078
874,6.292503291584353
875,5.657088012824509
876,6.678339402632922
877,5.147293639012267
878,4.700421528367272
879,6.258609165396329
880,4.298158828768038
881,7.692828935172621
882,5.644994564293899
883,4.193335691067032
884,6.701540686085037
885,5.53417318306402
886,6.087697628339894
887,6.245506491344356
888,5.509631346291101
889,5.53417318306402
890,3.971235802585652
891,7.620163296122769
892,4.061660152122176
893,6.539385920673546
894,6.432348698947796
895,6.029317804024231
896,4.498417483387271
897,4.8751984590265
898,9.409253497550367
899,7.223863126843916
900,4.319526572915645
901,5.098902902960621
902,6.053533351042027
903,4.5686757058222796
904,4.481920094945647
905,5.172383850127574
906,6.353003707246032
907,6.615719137659767
908,4.427182736653078
909,3.807694141171268
910,4.9014012748063465
911,5.989774976962801
912,5.448423800668367
913,4.5733936598083
914,6.2046374952873435
915,3.7922704279629293
916,6.033231291416337
917,6.929849643351773
918,4.0813090601552275
919,4.730252613060088
920,6.625692474012519
921,6.678760608433672
922,4.492541767407275
923,6.929400968179657
924,5.707370671443407
925,8.142126122300503
926,5.2746937444508175
927,5.815267571592894
928,5.740289840479047
929,5.108456999976035
930,3.5011482780842007
931,4.877262895336628
932,7.61290460530806
933,5.868969946844892
934,4.068660592322477
935,3.915191957931441
936,4.841208759267426
937,6.479245007475956
938,5.710434207961875
939,6.188301677741251
940,4.2889939836862325
941,5.994238906871132
942,4.106863075118696
943,3.873716732707574
944,3.7382593008605465
945,6.19152499784407
946,5.273980466751695
947,5.275284395890402
948,5.691548196513153
949,5.611831822646096
950,6.394632645803014
951,5.440043250994293
952,6.763156651461944
953,6.250573552908719
954,4.825034008409395
955,4.647315126100233
956,5.329318218654301
957,5.376290623145277
958,5.166940865382209
959,6.402513033445628
960,5.530303202345099
961,7.08556598561033
962,5.209811730403249
963,6.033231291416337
964,7.401561456651152
965,6.402513033445628
966,4.136854367701616
967,4.369433132160763
968,5.968896064159402
969,6.967837656728221
970,6.212055809844543
971,4.127427465588397
972,5.7194499561087895
973,4.835715861355403
974,6.084523528190807
975,4.353486760227886
976,4.666483871852876
977,5.863408287101208
978,3.873716732707574
979,6.087697628339894
980,10.160469630637152
981,4.8748412070406495
982,5.019862280902501
983,9.0510368637961
984,5.614694182143953
985,4.158553252430032
986,6.454308228260301
987,3.2856710429209954
988,5.100469676450842
989,6.357451344862426
990,4.2931938628046264
991,5.143911329514793
992,4.950122845778033
993,4.929840858261784
994,4.715314049861977
995,7.0041098619395665
996,5.6371363064288005
997,4.447773745859155
998,6.674532125029934
999,4.541105287301626
