township_id,lag1,block2_p,block3_p,block2_q,block3_q
MMR001001,0.3387713773568904,0.772,0.79,0.8645342465753424,0.8878881355932204
MMR001002,0.47552779335243656,0.803,0.855,0.8811442953020134,0.9257781456953643
MMR001003,0.6151224552068546,0.5,0.579,0.638671875,0.7338488372093023
MMR001004,0.2638280743413578,0.416,0.427,0.5529756097560976,0.6111615720524017
MMR001005,0.7087360067064942,0.371,0.414,0.5198461538461538,0.6079030837004405
MMR001006,0.4529353641657641,0.513,0.592,0.6451961538461538,0.7474285714285713
MMR001007,0.6355367033727312,0.853,0.872,0.9115392156862745,0.931843137254902
MMR001008,0.22641565682559375,0.889,0.862,0.9317403846153847,0.9272171052631578
MMR001009,0.2822136457233595,0.575,0.507,0.704026119402985,0.6712105263157895
MMR001010,0.2748156808900561,0.197,0.343,0.34265425531914895,0.541840579710145
MMR001011,0.3302349826889615,0.685,0.683,0.799982142857143,0.8151131386861314
MMR001012,0.4390412712981238,0.221,0.338,0.36683756345177665,0.541840579710145
MMR001013,0.4998102525751551,0.481,0.553,0.6216877470355732,0.7175833333333335
MMR001014,0.7189750279655749,0.012,0.042,0.04174468085106383,0.12716666666666668
MMR001015,0.6633461467693896,0.022,0.073,0.06366371681415929,0.1864921875
MMR001016,0.45763456293469484,0.059,0.078,0.13586619718309859,0.19470229007633585
MMR001017,0.4858400362814234,0.092,0.168,0.19284615384615386,0.33911111111111114
MMR001018,0.27159760377448894,0.197,0.319,0.34265425531914895,0.5232
MMR002001,0.46618003784518547,0.708,0.609,0.8232978723404255,0.7571977186311787
MMR002002,0.7360668747029296,0.321,0.351,0.46652000000000005,0.545516587677725
MMR002003,0.6971873800732523,0.71,0.739,0.8232978723404255,0.8630464285714287
MMR002004,0.5764150016502507,0.389,0.439,0.5335983263598327,0.6187629310344828
MMR002005,0.7635913837801873,0.354,0.411,0.5054934497816594,0.6079030837004405
MMR002006,0.6721265885620642,0.781,0.801,0.8716279863481229,0.8878881355932204
MMR002007,0.34584034457316837,0.769,0.766,0.8641340206185567,0.8831302816901407
MMR003001,0.5872786181842247,0.083,0.084,0.17974172185430465,0.2065263157894737
MMR003002,0.5401743120572591,0.147,0.174,0.2778554913294798,0.3469390243902439
MMR003003,0.7573734775739206,0.002,0.008,0.015209302325581396,0.059454545454545454
MMR003004,0.6639878328954523,0.003,0.014,0.018509433962264153,0.06832835820895522
MMR003005,0.6099022712307196,0.023,0.038,0.06597368421052631,0.11948076923076922
MMR003006,0.6225635102378975,0.015,0.012,0.049049999999999996,0.06832835820895522
MMR003007,0.6847873666102094,0.016,0.051,0.05129411764705883,0.14376724137931035
MMR004001,0.550416161645198,0.36,0.417,0.5118260869565218,0.6079030837004405
MMR004002,0.6415695282129407,0.25,0.389,0.39492753623188404,0.5861889400921659
MMR004003,0.5665504731459193,0.504,0.659,0.6412762645914396,0.8010892193308551
MMR004004,0.5482987328861001,0.871,0.884,0.9247305194805195,0.9324774193548387
MMR004005,0.5270023482101871,0.957,0.964,0.9769378881987577,0.982018691588785
MMR004006,0.6932297819495719,0.511,0.567,0.6451621621621622,0.7280859375
MMR004007,0.5848406746407586,0.374,0.452,0.5204170212765957,0.6316410256410256
MMR004008,0.5762834706472736,0.793,0.791,0.8760506756756758,0.8878881355932204
MMR004009,0.6139298256072753,0.875,0.875,0.9259708737864077,0.9320032573289903
MMR005001,0.8232032258657855,0.397,0.495,0.5377933884297521,0.6661111111111111
MMR005002,0.7789525245504548,0.725,0.784,0.8347711267605633,0.8878881355932204
MMR005003,0.7390850848500803,0.492,0.596,0.6334015748031495,0.7492183908045976
MMR005004,0.7735679240098744,0.962,0.963,0.9769378881987577,0.982018691588785
MMR005005,0.7628176781872029,0.572,0.643,0.704026119402985,0.787494382022472
MMR005006,0.80573204209736915,0.242,0.352,0.39175247524752477,0.545516587677725
MMR005007,0.720389097048573,0.479,0.577,0.6216877470355732,0.7338488372093023
MMR005008,0.7237519056267275,0.422,0.505,0.5564274193548387,0.6712105263157895
MMR005009,0.7443591588202556,0.246,0.316,0.3924,0.5218787878787879
MMR005010,0.7321765216788023,0.767,0.832,0.8641340206185567,0.90906
MMR005011,0.6958642204986855,0.384,0.464,0.5320677966101696,0.6375126050420168
MMR005012,0.7561466556797454,0.577,0.668,0.704026119402985,0.8025274725274726
MMR005013,0.6885518573243453,0.262,0.369,0.4060379146919431,0.5612232558139535
MMR005014,0.7824683311972384,1,1,1,1
MMR005015,0.7570283668860778,0.878,0.915,0.9261483870967743,0.9589903846153847
MMR005016,0.7072006480110873,0.364,0.475,0.5152727272727272,0.6471875
MMR005017,0.7011313619739293,0.242,0.347,0.39175247524752477,0.545516587677725
MMR005018,0.7491939204930029,0.925,0.957,0.9571993670886076,0.982018691588785
MMR005019,0.7320537458570154,1,1,1,1
MMR005020,0.805127903737034,0.499,0.567,0.638671875,0.7280859375
MMR005021,0.8205880890854073,0.73,0.796,0.8375789473684211,0.8878881355932204
MMR005022,0.776076382452089,0.574,0.629,0.704026119402985,0.7732443609022557
MMR005023,0.7458843824583593,0.37,0.492,0.5198461538461538,0.6648099173553719
MMR005024,0.6375364885887028,1,1,1,1
MMR005025,0.7466702159243663,0.96,0.987,0.9769378881987577,0.9992229102167182
MMR005026,0.6810582259227628,0.784,0.823,0.872,0.9030906040268455
MMR005027,0.6569824450357724,0.39,0.466,0.5335983263598327,0.6375815899581591
MMR005028,0.7039568615229522,0.337,0.392,0.4854581497797357,0.5880000000000001
MMR005029,0.6844240987794317,0.291,0.32,0.4365,0.5232
MMR005030,0.6209221768243969,0.612,0.67,0.7384649446494466,0.8025274725274726
MMR005031,0.6155668834516761,0.932,0.918,0.9614006309148265,0.9590607028753994
MMR005032,0.6896610338163628,0.511,0.603,0.6451621621621622,0.7525992366412213
MMR005033,0.3061337675163368,0.416,0.366,0.5529756097560976,0.5592616822429906
MMR005034,0.5405572008391086,0.105,0.184,0.20935975609756097,0.36245783132530124
MMR005035,0.668885390452136,0.23,0.316,0.3779396984924623,0.5218787878787879
MMR005036,0.18604654588897787,0.017,0.031,0.05195327102803738,0.10137
MMR005037,0.7796967289084471,0.021,0.086,0.061312500000000006,0.209865671641791
MMR006001,0.8273117702283401,0.053,0.157,0.1288905109489051,0.3249303797468354
MMR006002,0.785890450337288,0.289,0.405,0.43549769585253456,0.6047260273972603
MMR006003,0.8323872849401,0.344,0.456,0.4933684210526315,0.6332161016949153
MMR006004,0.8049699927679344,0.372,0.478,0.5198461538461538,0.6485726141078838
MMR006005,0.8425676316804389,0.01,0.022,0.036333333333333336,0.08174999999999999
MMR006006,0.8665056030455013,0.001,0.003,0.01021875,0.05163157894736842
MMR006007,0.8427351032094786,0.015,0.071,0.049049999999999996,0.18426190476190477
MMR006008,0.8565211934644984,0.014,0.048,0.0476875,0.14014285714285715
MMR006009,0.8123553998440534,0.048,0.071,0.122625,0.18426190476190477
MMR006010,0.8597094872521661,0.001,0.002,0.01021875,0.0436
MMR007001,0.8548565394969309,0.047,0.061,0.12197619047619049,0.16217073170731708
MMR007002,0.47012727617538036,0.21,0.274,0.35765625,0.4834677419354839
MMR007003,0.6600168830159979,0.006,0.006,0.02581578947368421,0.057705882352941176
MMR007004,0.8032487962592297,0.003,0.013,0.018509433962264153,0.06832835820895522
MMR007005,0.8852024913279891,0.013,0.034,0.04474736842105263,0.1100792079207921
MMR007006,0.8822471771782018,0.001,0.004,0.01021875,0.057705882352941176
MMR007007,0.8625153639360991,0.148,0.209,0.27813793103448275,0.39734302325581394
MMR007008,0.8237674615665519,0.003,0.008,0.018509433962264153,0.059454545454545454
MMR007009,0.8241527145178494,0.005,0.014,0.023028169014084506,0.06832835820895522
MMR007010,0.8417933154515572,0.003,0.016,0.018509433962264153,0.06976
MMR007011,0.8226424346826811,0.001,0.006,0.01021875,0.057705882352941176
MMR007012,0.8597333586767189,0.005,0.008,0.023028169014084506,0.059454545454545454
MMR007013,0.8857804762665653,0.003,0.013,0.018509433962264153,0.06832835820895522
MMR007014,0.86439878310904394,0.002,0.005,0.015209302325581396,0.057705882352941176
MMR008001,0.7964475622162713,0.017,0.042,0.05195327102803738,0.12716666666666668
MMR008002,0.8925001322563572,0.004,0.01,0.022169491525423732,0.0654
MMR008003,0.8110135111183988,0.255,0.341,0.39897129186602875,0.541840579710145
MMR008004,0.8573220254802043,0.001,0.003,0.01021875,0.05163157894736842
MMR008005,0.8286867555560098,0.001,0.003,0.01021875,0.05163157894736842
MMR008006,0.7251212730474144,0.032,0.089,0.08867796610169493,0.21172661870503598
MMR008007,0.5427988398523058,0.158,0.273,0.29189830508474574,0.4834677419354839
MMR008008,0.8560080383774431,0.001,0.001,0.01021875,0.029727272727272727
MMR008009,0.8300422590097024,0.001,0.001,0.01021875,0.029727272727272727
MMR008010,0.8839904255369756,0.001,0.001,0.01021875,0.029727272727272727
MMR008011,0.7779283173361005,0.007,0.013,0.028259259259259262,0.06832835820895522
MMR008012,0.8680235932117529,0.004,0.006,0.022169491525423732,0.057705882352941176
MMR008013,0.8322477061381447,0.001,0.001,0.01021875,0.029727272727272727
MMR008014,0.8577974938180616,0.001,0.004,0.01021875,0.057705882352941176
MMR009001,0.7099492096975997,0.337,0.42,0.4854581497797357,0.6079030837004405
MMR009002,0.8222697162505774,0.015,0.025,0.049049999999999996,0.08983516483516485
MMR009003,0.8003949882001934,0.001,0.001,0.01021875,0.029727272727272727
MMR009004,0.6004660402297057,0.869,0.884,0.9247305194805195,0.9324774193548387
MMR009005,0.5652750974080774,0.748,0.786,0.8492916666666667,0.8878881355932204
MMR009006,0.6826112826188753,0.227,0.337,0.37489393939393945,0.541840579710145
MMR009007,0.7702050505378877,0.716,0.79,0.827321554770318,0.8878881355932204
MMR009008,0.8058018944318834,0.172,0.247,0.3040216216216216,0.4512234636871508
MMR009009,0.8008821617982,0.037,0.093,0.09917213114754098,0.21568085106382978
MMR009010,0.7953968121796087,0.006,0.019,0.02581578947368421,0.07485542168674698
MMR009011,0.7758380935467695,0.007,0.029,0.028259259259259262,0.09776288659793815
MMR009012,0.6296631514721619,0.008,0.007,0.03151807228915663,0.059454545454545454
MMR009013,0.8065091608329543,0.009,0.036,0.034220930232558136,0.11541176470588235
MMR009014,0.7430848017878879,0.004,0.015,0.022169491525423732,0.06976
MMR009015,0.7964766841800105,0.005,0.011,0.023028169014084506,0.06832835820895522
MMR009016,0.7272027631300079,0.005,0.009,0.023028169014084506,0.0639782608695652
MMR009017,0.4866376598047537,0.908,0.933,0.9486134185303514,0.9685428571428573
MMR009018,0.78862927762697,0.048,0.11,0.122625,0.2497916666666667
MMR009019,0.7888732368396463,0.169,0.28,0.30198360655737705,0.4879047619047619
MMR009020,0.782833832141021,0.635,0.711,0.7578284671532847,0.8410251798561151
MMR009021,0.76520638005014,0.658,0.751,0.7795869565217391,0.8708404255319149
MMR009022,0.7548592616155383,0.001,0.001,0.01021875,0.029727272727272727
MMR009023,0.72271358143053,0.26,0.357,0.40485714285714286,0.5506556603773585
MMR009024,0.6655321267964576,0.301,0.457,0.44943835616438355,0.6332161016949153
MMR009025,0.61854941964143,0.152,0.275,0.28402285714285713,0.4834677419354839
MMR010001,0.7793977894940927,0.054,0.071,0.1288905109489051,0.18426190476190477
MMR010002,0.8158690897219808,0.034,0.054,0.09265000000000001,0.1509230769230769
MMR010003,0.8600871781558896,0.005,0.008,0.023028169014084506,0.059454545454545454
MMR010004,0.8483879875677428,0.007,0.017,0.028259259259259262,0.07036708860759494
MMR010005,0.8279103429763356,0.015,0.029,0.049049999999999996,0.09776288659793815
MMR010006,0.7225813156391442,0.286,0.422,0.43297222222222215,0.6079030837004405
MMR010007,0.6535213814119105,0.796,0.813,0.8764040404040404,0.8981452702702702
MMR010008,0.8019325271509059,0.001,0.001,0.01021875,0.029727272727272727
MMR010009,0.7994458911319371,0.001,0.002,0.01021875,0.0436
MMR010010,0.7523329530024507,0.003,0.003,0.018509433962264153,0.05163157894736842
MMR010011,0.6399740653625283,0.002,0.002,0.015209302325581396,0.0436
MMR010012,0.6541823301773412,0.001,0.001,0.01021875,0.029727272727272727
MMR010013,0.7970537875397392,0.002,0.005,0.015209302325581396,0.057705882352941176
MMR010014,0.7223143046390645,0.166,0.256,0.29825274725274725,0.4650666666666667
MMR010015,0.7515105401891162,0.02,0.028,0.059454545454545454,0.09776288659793815
MMR010016,0.8263261177690436,0.051,0.106,0.12730534351145037,0.2423916083916084
MMR010017,0.7413781506287336,0.012,0.03,0.04174468085106383,0.09909090909090909
MMR010018,0.7927094732999933,0.004,0.016,0.022169491525423732,0.06976
MMR010019,0.8756610831831445,0.001,0.005,0.01021875,0.057705882352941176
MMR010020,0.7928406084083106,0.001,0.012,0.01021875,0.06832835820895522
MMR010021,0.8258825979910007,0.166,0.271,0.29825274725274725,0.4834677419354839
MMR010022,0.7921556039882331,0.001,0.001,0.01021875,0.029727272727272727
MMR010023,0.47474674391159033,0.082,0.156,0.17974172185430465,0.32491719745222936
MMR010024,0.4936303798288562,0.002,0.029,0.015209302325581396,0.09776288659793815
MMR010028,0.6538713739687458,0.059,0.136,0.13586619718309859,0.3004864864864865
MMR010029,0.8468220136928029,0.002,0.008,0.015209302325581396,0.059454545454545454
MMR010030,0.5108169411039527,0.48,0.55,0.6216877470355732,0.7165338645418327
MMR010031,0.738296111178688,0.003,0.006,0.018509433962264153,0.057705882352941176
MMR011001,0.3970816892044879,0.408,0.504,0.549037037037037,0.6712105263157895
MMR011002,0.6971188911547347,0.002,0.002,0.015209302325581396,0.0436
MMR011004,0.7500885945981944,0.415,0.504,0.5529756097560976,0.6712105263157895
MMR011005,0.7806953097296977,0.233,0.343,0.38095500000000004,0.541840579710145
MMR011006,0.7836055959660065,0.305,0.418,0.45334090909090907,0.6079030837004405
MMR011007,0.5690261867327503,0.841,0.883,0.9046282894736841,0.9324774193548387
MMR011008,0.6787975134742158,0.319,0.435,0.4656830357142857,0.6171948051948052
MMR011009,0.6673931777277552,0.003,0.021,0.018509433962264153,0.08078823529411766
MMR011010,0.464908293626078,0.217,0.296,0.36370408163265305,0.5015129533678756
MMR012001,0.7211566756120485,0.037,0.09,0.09917213114754098,0.21172661870503598
MMR012002,0.5819179877265329,0.163,0.306,0.2961166666666667,0.5131384615384615
MMR012003,0.586248787729719,0.246,0.351,0.3924,0.545516587677725
MMR012004,0.5943868391446895,0.398,0.51,0.5377933884297521,0.6724596774193549
MMR012005,0.670747714306046,0.051,0.101,0.12730534351145037,0.23258450704225353
MMR012006,0.6710941173333755,0.083,0.164,0.17974172185430465,0.33721875000000007
MMR012007,0.6332902606716017,0.105,0.191,0.20935975609756097,0.3739940119760479
MMR012008,0.7669171069886406,0.094,0.201,0.19578343949044588,0.3889171597633136
MMR012009,0.7542625240174091,0.086,0.167,0.1826103896103896,0.33911111111111114
MMR012010,0.721958541855475,0.178,0.294,0.3129354838709677,0.50071875
MMR012011,0.8325027197421546,0.006,0.023,0.02581578947368421,0.08356666666666666
MMR012013,0.8325027197421546,0.006,0.023,0.02581578947368421,0.08356666666666666
MMR012014,0.8223957492875286,0.002,0.01,0.015209302325581396,0.0654
MMR012015,0.7962682025252202,0.07,0.142,0.15786206896551724,0.30750993377483443
MMR012016,0.8280305643662004,0.005,0.013,0.023028169014084506,0.06832835820895522
MMR012017,0.8694672860782993,0.83,0.834,0.9011386138613862,0.90906
MMR013001,0.8102073152762741,0.018,0.037,0.05449999999999999,0.11746601941747573
MMR013002,0.7944477210530886,0.062,0.123,0.14079166666666668,0.275486301369863
MMR013003,0.7770555627765147,0.124,0.17,0.24280239520958083,0.3410429447852761
MMR013004,0.8153926744586968,0.007,0.022,0.028259259259259262,0.08174999999999999
MMR013005,0.5112284433760943,0.255,0.342,0.39897129186602875,0.541840579710145
MMR013006,0.8017958990270444,0.144,0.226,0.2737674418604651,0.42472413793103453
MMR013007,0.7739796187166357,0.054,0.115,0.1288905109489051,0.2593448275862069
MMR013009,0.8814876075333722,0.002,0.007,0.015209302325581396,0.059454545454545454
MMR013010,0.8732315885951117,0.001,0.005,0.01021875,0.057705882352941176
MMR013011,0.845922791501533,0.004,0.009,0.022169491525423732,0.0639782608695652
MMR013012,0.7647134739977114,0.03,0.09,0.08456896551724138,0.21172661870503598
MMR013013,0.8755486941218533,0.005,0.017,0.023028169014084506,0.07036708860759494
MMR013014,0.856011639627209,0.001,0.005,0.01021875,0.057705882352941176
MMR013015,0.8489840393099073,0.001,0.004,0.01021875,0.057705882352941176
MMR013016,0.8197858583117276,0.001,0.012,0.01021875,0.06832835820895522
MMR013017,0.84498576414016,0.001,0.014,0.01021875,0.06832835820895522
MMR013018,0.8442739411682606,0.005,0.014,0.023028169014084506,0.06832835820895522
MMR013019,0.8438703532683451,0.009,0.029,0.034220930232558136,0.09776288659793815
MMR013020,0.8188180982756731,0.019,0.057,0.056999999999999995,0.15663025210084033
MMR013021,0.8660073112161853,0.007,0.016,0.028259259259259262,0.06976
MMR013022,0.8702032497140411,0.002,0.008,0.015209302325581396,0.059454545454545454
MMR013023,0.8402677052841165,0.006,0.014,0.02581578947368421,0.06832835820895522
MMR013024,0.8389550636095638,0.005,0.02,0.023028169014084506,0.07785714285714286
MMR013025,0.835961008152207,0.005,0.014,0.023028169014084506,0.06832835820895522
MMR013026,0.7998510054899873,0.01,0.016,0.036333333333333336,0.06976
MMR013027,0.8047763928098152,0.011,0.06,0.039527472527472525,0.16081967213114753
MMR013028,0.7438945235379748,0.132,0.232,0.25692857142857145,0.43104545454545456
MMR013029,0.7025040181738073,0.162,0.265,0.2959441340782123,0.47875690607734805
MMR013030,0.7937158494785622,0.017,0.047,0.05195327102803738,0.13845945945945948
MMR013031,0.7914784959775626,0.001,0.006,0.01021875,0.057705882352941176
MMR013033,0.8219133468106131,0.001,0.007,0.01021875,0.059454545454545454
MMR013034,0.7552443501974887,0.001,0.006,0.01021875,0.057705882352941176
MMR013035,0.7255768017964024,0.001,0.008,0.01021875,0.059454545454545454
MMR013036,0.6142371350190093,0.001,0.013,0.01021875,0.06832835820895522
MMR013037,0.8761319300223633,0.001,0.006,0.01021875,0.057705882352941176
MMR013038,0.8581986298712532,0.012,0.022,0.04174468085106383,0.08174999999999999
MMR013039,0.8881157759306074,0.008,0.017,0.03151807228915663,0.07036708860759494
MMR013040,0.8275853356951273,0.017,0.045,0.05195327102803738,0.13377272727272727
MMR013041,0.8634266571581798,0.005,0.015,0.023028169014084506,0.06976
MMR013042,0.8409921519473966,0.003,0.012,0.018509433962264153,0.06832835820895522
MMR013043,0.8769625331319489,0.004,0.017,0.022169491525423732,0.07036708860759494
MMR013044,0.8808521546692195,0.003,0.01,0.018509433962264153,0.0654
MMR013046,0.8275520472582492,0.002,0.01,0.015209302325581396,0.0654
MMR013047,0.847947609036718,0.005,0.018,0.023028169014084506,0.073575
MMR014001,0.6842210054526985,0.56,0.653,0.6961136363636363,0.7967574626865671
MMR014002,0.4105064246985144,0.084,0.077,0.18071052631578946,0.19368461538461537
MMR014003,0.5848471988757206,0.429,0.519,0.5633855421686746,0.681578313253012
MMR014004,0.5603916685619359,0.246,0.304,0.3924,0.5124123711340206
MMR014005,0.7287460216249626,0.009,0.019,0.034220930232558136,0.07485542168674698
MMR014006,0.5442451789191964,0.25,0.236,0.39492753623188404,0.43599999999999994
MMR014007,0.6696730122549556,0.114,0.143,0.22456626506024097,0.3076381578947368
MMR014008,0.6882291338732711,0.027,0.056,0.07677391304347826,0.1551864406779661
MMR014009,0.5582975388864815,0.052,0.165,0.1288181818181818,0.33721875000000007
MMR014010,0.662545746805786,0.664,0.715,0.7810359712230216,0.8410251798561151
MMR014011,0.6003016565140591,0.077,0.131,0.1712857142857143,0.29140816326530616
MMR014012,0.21970983672564534,0.097,0.09,0.19701242236024843,0.21172661870503598
MMR014013,0.18311253977809214,0.054,0.195,0.1288905109489051,0.37955357142857143
MMR014014,0.6524188208102408,0.001,0.001,0.01021875,0.029727272727272727
MMR014015,0.511631362657336,0.398,0.46,0.5377933884297521,0.6346835443037975
MMR014016,0.7350710800309361,0.818,0.849,0.89162,0.9223355481727573
MMR014017,0.5927557252220704,0.059,0.014,0.13586619718309859,0.06832835820895522
MMR014018,0.019651918839176722,0.61,0.629,0.7384649446494466,0.7732443609022557
MMR014019,0.1634786196699191,0.883,0.895,0.9284276527331189,0.9410450160771704
MMR014020,0.5747164711041589,0.789,0.797,0.8745864406779662,0.8878881355932204
MMR014021,0.10854849531132946,0.267,0.269,0.4118349056603774,0.48331318681318686
MMR015001,0.4569336409804881,0.912,0.932,0.9497579617834396,0.9685428571428573
MMR015002,0.5334409221951877,1,1,1,1
MMR015003,0.4834372363784491,0.748,0.767,0.8492916666666667,0.8831302816901407
MMR015004,0.48155641341402877,0.846,0.789,0.9070229508196721,0.8878881355932204
MMR015005,0.11723080461855485,0.171,0.083,0.3038967391304348,0.20561363636363636
MMR015006,-0.021275639090429503,0.142,0.059,0.27154385964912275,0.15944628099173552
MMR015007,-0.002923976608187241,0.096,0.142,0.1962,0.30750993377483443
MMR015008,0.11693745575249871,0.386,0.428,0.5325822784810127,0.6111615720524017
MMR015009,0.5516598617339604,0.049,0.026,0.1242093023255814,0.09241304347826086
MMR015010,0.5685534542895461,0.06,0.042,0.13720279720279718,0.12716666666666668
MMR015011,0.5067951496031817,0.038,0.016,0.10102439024390245,0.06976
MMR015012,0.6948520398700992,0.1,0.146,0.20185185185185187,0.310012987012987
MMR015013,0.7187650482134804,0.001,0.001,0.01021875,0.029727272727272727
MMR015014,0.4777692007878294,0.547,0.549,0.682706106870229,0.7165338645418327
MMR015015,0.461418626477109,0.947,0.95,0.9738018867924528,0.982018691588785
MMR015016,0.5054891046830596,0.677,0.714,0.79347311827957,0.8410251798561151
MMR015017,0.5303159371845301,0.054,0.059,0.1288905109489051,0.15944628099173552
MMR015018,0.6704547775348021,0.114,0.147,0.22456626506024097,0.3101225806451613
MMR015019,0.5953002989676256,0.957,0.961,0.9769378881987577,0.982018691588785
MMR015020,0.5334858096088132,0.835,0.817,0.9011386138613862,0.8995252525252525
MMR015021,0.4797472811517047,0.562,0.57,0.6961136363636363,0.7280859375
MMR015022,0.5506630174254287,0.31,0.323,0.4545739910313901,0.5254776119402985
MMR015023,0.5532218912385923,0.057,0.039,0.13506521739130434,0.12145714285714286
MMR015024,0.1895288766865085,0.033,0.045,0.09068067226890757,0.13377272727272727
MMR016001,0.19981452955923576,0.532,0.696,0.6665287356321838,0.8276072727272727
MMR016002,0.1522904915199383,0.27,0.443,0.41257009345794393,0.6217210300429185
MMR016003,-0.025438524904592745,0.155,0.05,0.28798295454545453,0.14217391304347826
MMR016005,0.18931092649696674,0.202,0.377,0.3476526315789474,0.5707361111111111
MMR016006,0.28533020109338714,0.016,0.049,0.05129411764705883,0.14055263157894737
MMR016007,0.04521448606475503,0.021,0.049,0.061312500000000006,0.14055263157894737
MMR016008,0.13806786527841017,0.204,0.282,0.3492565445026178,0.4879047619047619
MMR016009,0.3466813762243902,0.082,0.138,0.17974172185430465,0.30285906040268457
MMR016010,0.3590263999122166,0.095,0.153,0.1962,0.3207115384615385
MMR016011,0.38632891855035656,0.046,0.073,0.120336,0.1864921875
MMR017001,0.6756116666654413,0.834,0.871,0.9011386138613862,0.931843137254902
MMR017002,0.437823241598805,0.215,0.281,0.36239690721649487,0.4879047619047619
MMR017003,0.7376234145795935,0.976,0.981,0.9880866873065014,0.9962329192546583
MMR017004,0.4771900311363171,0.2,0.243,0.3460317460317461,0.4464101123595505
MMR017005,0.6902209189726621,0.806,0.859,0.8814782608695653,0.9270396039603961
MMR017006,0.8160129834162283,0.746,0.794,0.8492916666666667,0.8878881355932204
MMR017007,0.6565156504505797,0.922,0.954,0.9571238095238096,0.982018691588785
MMR017008,0.6900050647266174,0.059,0.077,0.13586619718309859,0.19368461538461537
MMR017009,0.6102031569006862,0.01,0.019,0.036333333333333336,0.07485542168674698
MMR017010,0.8149793649309552,0.59,0.662,0.7172118959107806,0.8017555555555556
MMR017011,0.7706956809475703,0.214,0.286,0.36239690721649487,0.4922210526315789
MMR017012,0.7202515011383297,0.275,0.359,0.41825581395348843,0.5511408450704225
MMR017013,0.8098871159221399,0.017,0.016,0.05195327102803738,0.06976
MMR017014,0.37605509322797037,0.074,0.183,0.16573972602739723,0.36245783132530124
MMR017015,0.3265567214070821,0.31,0.421,0.4545739910313901,0.6079030837004405
MMR017016,0.4048432735590634,0.27,0.412,0.41257009345794393,0.6079030837004405
MMR017017,0.480220907999089,0.31,0.436,0.4545739910313901,0.6171948051948052
MMR017018,0.5068848480225463,0.162,0.314,0.2959441340782123,0.5218787878787879
MMR017019,0.6949129082837994,0.096,0.208,0.1962,0.39734302325581394
MMR017020,0.5111124876309833,0.661,0.748,0.7803140794223826,0.87044839857651235
MMR017021,0.5955623921084148,0.135,0.229,0.25967647058823534,0.42790285714285714
MMR017022,0.39965755481934934,0.757,0.799,0.8565363321799309,0.8878881355932204
MMR017023,0.6905302938527392,0.032,0.089,0.08867796610169493,0.21172661870503598
MMR017024,0.7463734302419909,0.044,0.146,0.11603225806451613,0.310012987012987
MMR017025,0.6828384517522416,0.091,0.207,0.19198064516129032,0.39734302325581394
MMR017026,0.688930119358872,0.01,0.03,0.036333333333333336,0.09909090909090909
MMR018001,0.5703458567056915,0.218,0.292,0.36370408163265305,0.49991623036649213
MMR018002,0.22542986507956103,0.419,0.568,0.55470850202429145,0.7280859375
MMR018003,0.29021347637207745,0.623,0.598,0.7486263736263736,0.7492183908045976
MMR018004,0.21905073429244865,0.476,0.625,0.6216877470355732,0.7732443609022557
MMR018005,0.21193182342468528,0.642,0.733,0.7633963636363638,0.8591075268817204
MMR018006,0.5457307696802556,0.134,0.222,0.2592781065088757,0.4196184971098266
MMR018007,0.5922365563927718,0.085,0.091,0.18166666666666667,0.21255000000000002
MMR018008,0.5024554224301451,0.625,0.67,0.7486263736263736,0.8025274725274726
