GDPPC_LM,GDPPC_LSD,GDPPC_LVar,GDPPC_LSKe,GDPPC_LCV,GDPPC_Median,GDPPC_IQR,GDPPC_QI,County
27085.040556455708,7978.293883611695,63653173.29327577,3.1262271646354782,0.2945645906263955,25246,7419,-0.1093139237093948,Anxiang
28227.25097809639,12654.846852614892,160145148.86313704,2.170538108531623,0.4483202017240263,22879,8460,-0.532387706855792,Hanshou
25962.572566849925,6749.034730534085,45549469.79395528,2.6355263461246303,0.2599524647704414,24418,6039,0.1250206987911906,Jinshi
25161.452232730542,5033.555027050335,25336676.210343704,0.5834812043801291,0.20005025864534887,24418,6039,0.1250206987911906,Li
24790.651779791588,5627.525928690666,31669048.078085743,1.447592180652075,0.2270019351922814,24418,6039,0.1250206987911906,Linli
22612.977176929093,6248.124477218253,39039059.48281386,-0.2150598900536281,0.27630702619701514,22879,6900,0.3139130434782609,Shimen
46252.814916252464,22111.84549457217,488933711.1758317,0.5409293078878238,0.47806486015194805,37651,34717,-0.4143503182878705,Liuyang
41282.12896997138,21496.60960499081,462104224.5093831,0.4730102906051611,0.520724345893775,27589,36188,-0.5464242290261966,Ningxiang
46204.04440401306,22239.73580389561,494605848.6270764,0.48612694735951634,0.4813374259930366,37651,35842,-0.3699570336476759,Wangcheng
26894.425183547723,13313.359727882666,177245547.244008,1.4165294284040586,0.4950230256650706,24473,12582,-0.2109362581465586,Anren
25912.043007560387,16790.17112192599,281909846.3035574,1.2756542273338058,0.6479678625505175,20981,19394,-0.14571516964009487,Guidong
23380.305810006637,9742.984050307577,94925738.20454784,2.038044258882235,0.4167175626136437,21311,14142,-0.49710083439400365,Jiahe
23435.83953072655,10937.55861971249,119630188.55964701,2.081874921605948,0.4667022320822918,20078,16485,-0.43390961480133455,Linwu
25606.73040852267,16264.489864974905,264533630.56787142,1.363413245238903,0.6351646463838119,20981,19394,-0.14571516964009487,Rucheng
24662.255035843693,13490.549540741433,181994926.91119888,1.7242257177532563,0.5470120036117745,20518,16485,-0.3805277525022748,Yizhang
27786.286453280507,15336.03325151533,235193915.89158386,1.2509820090090573,0.551928134668198,24194,14336,-0.10170200892857142,Yongxing
26446.836563857476,16065.416821185856,258097617.63844144,1.2915793896951673,0.6074608122750311,21311,19394,-0.11168402598741879,Zixing
23582.778213115605,7227.955903979426,52243346.54987104,1.3842578661266802,0.3064929771488749,21911,6840,-0.0652046783625731,Changning
26355.125533421226,8066.391625615282,65066673.85779634,0.9883268720440694,0.30606538433619684,25554,7976,0.5157973921765295,Hengdong
23599.452051013912,5787.753504542992,33498090.629349686,0.756183513496309,0.24524948681146733,24194,6840,0.6023391812865497,Hengnan
27586.71802570233,10201.761963687097,104075947.1637328,1.9442198679391869,0.3698070192395556,25554,6174,0.3744735989633949,Hengshan
27237.955444597064,12020.93156990475,144502795.80833265,1.6769570794311497,0.44133017231619076,24473,11110,-0.3713771377137714,Leiyang
20162.982626806683,6687.78178960432,44726425.265363164,2.933847125326708,0.33168613559746435,20518,6380,-0.1523510971786834,Qidong
18590.71353642896,6885.704493360827,47412926.36988948,1.4874302899542855,0.37038408880154705,16069,6950,-0.23136690647482014,Chenxi
17988.655597239023,6127.298533359805,37543787.31691322,1.2383025868357174,0.3406201480837873,16069,6690,-0.20149476831091181,Zhongfang
16342.423466442615,5046.582912475338,25467999.09248807,1.451038048365992,0.30880260341056187,14624,4691,-0.21424003410786613,Huitong
15887.679831840578,4738.437206857594,22452787.1633324,1.4060118103506087,0.2982460155926146,13863,4711,-0.532158777329654,Jingzhou
18590.00569616487,6197.52518753802,38409318.45016817,1.1457867408430804,0.3333794130475481,16069,6950,-0.23136690647482014,Mayang
15254.47336894334,4322.937567414492,18687789.211763524,1.2593072702423227,0.2833881880324747,13863,4711,-0.532158777329654,Tongdao
17715.905842145534,5202.581994088311,27066859.405211907,1.473597387855727,0.29366728636091227,15801,6593,-0.3760048536326407,Xinhuang
19084.02423914521,11985.916009354278,143662182.58329517,2.7145365833970745,0.6280601962749938,14563,4090,-0.42249388753056233,Xupu
17800.85008648831,6551.393316326087,42920754.385202125,1.716460925646778,0.3680382276405387,16069,8544,-0.37476591760299627,Yuanling
17997.69478723112,5589.539134956681,31242947.741212275,1.3795144544665743,0.3105697257919002,15801,6939,-0.30739299610894943,Zhijiang
23817.483296213086,18519.433340459775,342969411.25173306,1.5106688610032049,0.7775562644523535,14563,13886,-0.5280138268759902,Lengshuijiang
28250.100548563245,15602.679060186683,243443593.85518798,1.3880041288870695,0.5523052575818251,24473,9775,0.3624552429667519,Shuangfeng
22055.70797965771,17684.603075054394,312745185.9222234,1.811842714423762,0.8018152530567213,14563,4677,-0.4949754115886252,Xinhua
14557.616317628526,4282.5991761692485,18340655.703725524,1.1835599517320843,0.2941827207647478,12781,7340,-0.2782016348773842,Chengbu
16364.342393208099,5787.631973004882,33496683.854948383,1.6616884095058646,0.3536733608927051,17814,10506,0.4624024367028365,Dongan
15292.34559368586,7680.2642509986,58986458.96516708,3.7525953469341955,0.5022293149175066,12781,5937,-0.1076301162203133,Dongkou
17977.11122704242,14275.117099907136,203778968.21606115,2.5964854577561343,0.7940718016159077,12781,7340,-0.2782016348773842,Longhui
21841.58342691924,13328.475316464877,177648254.2616135,2.2826339115547385,0.6102339311186498,18059,11790,-0.20661577608142492,Shaodong
15251.445030949093,4905.4191998788365,24063137.52653992,1.4743881666785206,0.32163635576330524,13863,5892,-0.225050916496945,Suining
13688.698603325904,4836.441639296434,23391167.730320375,3.3894528234640817,0.3533163947463448,11580,5669,-0.4891515258423002,Wugang
14381.582403527593,4919.4076500316905,24200571.627190318,2.0579890387968636,0.34206302978349806,11580,7682,-0.6230148398854465,Xinning
21474.53509763474,16792.9139786076,282001959.89291453,1.9005031504536032,0.781991968732176,14563,13187,-0.5029953742321984,Xinshao
41221.00726476154,21067.356640196955,443833515.8052507,0.6226987403950746,0.5110830141748315,27589,31097,-0.7995948162202142,Shaoshan
35729.007247984206,18854.15666636768,355479223.5999367,0.7718429838073967,0.5276988676317451,27137,23783,-0.2916789303283858,Xiangxiang
16899.975794288715,6555.790758776557,42978392.4728601,1.0585444188654876,0.3879171685554758,14426,8574,-0.32073711219967344,Baojing
18220.52888040188,6329.471589221802,40062210.59876596,1.0714884763471326,0.34738133183553327,16069,6690,-0.20149476831091181,Fenghuang
17176.89456308901,6550.047630634071,42903123.963575006,0.9905613463714096,0.38132897693331025,14567,6848,-0.6124415887850467,Guzhang
17365.360914389163,6536.949520156909,42731709.029079646,1.0328433190880277,0.376436145058195,14567,6848,-0.6124415887850467,Huayuan
17874.226053708193,6659.277761518116,44345980.305049725,0.9566784928078116,0.3725631387623958,16069,6848,-0.1737733644859813,Jishou
16379.251963732166,6433.101046976951,41384789.080615945,1.0183974118360772,0.3927591480503184,14426,8574,-0.32073711219967344,Longshan
18553.736845002575,6648.829938701807,44206939.55377747,0.9171676327160279,0.35835530029588947,16069,6950,-0.23136690647482014,Luxi
16679.9299485571,6413.929081170545,41138486.25828523,0.9256604006431133,0.3845297372921751,14567,8574,-0.2878469792395615,Yongshun
24460.526436526954,17003.484090215126,289118471.20619893,1.686359664129789,0.6951397442053328,18059,10242,-0.15739113454403436,Anhua
28987.088699569427,10947.65058300885,119851053.287654,2.9571075155761655,0.37767333920537755,26105,9595,-0.13225638353309016,Nan
32998.047381998455,16466.640779955313,271150258.57608736,1.9155825765747194,0.4990186415981213,26258,11832,-0.11477349560513861,Yuanjiang
19967.384336851905,6039.618202676562,36476988.03410206,1.736342045484568,0.30247417993201103,18001,6499,-0.20326204031389444,Jianghua
21743.605607870053,8497.119772501936,72201044.42824334,2.3508391700724856,0.3907870629067343,20078,8255,0.1304663840096911,Lanshan
20940.816274916844,6509.383434722333,42372072.70023752,1.3192430040086536,0.31084669046637636,20078,8255,0.1304663840096911,Ningyuan
19677.659884098164,5483.5597745453615,30069427.80101198,0.7088689883124686,0.2786693035068014,20078,6499,0.4359132174180643,Shuangpai
22593.116042643298,7990.559874332683,63849047.10529553,1.8044083411524616,0.3536723247581665,20638,7799,-0.2606744454417233,Xintian
29274.15416865595,10901.06694132777,118833260.45930918,3.150872471713079,0.37237854520147406,26105,8658,-0.2547932547932548,Huarong
33931.1582279455,16883.015879723753,285036225.1950044,1.9062206365143628,0.4975667428239747,29361,9974,0.2997794265089232,Linxiang
39929.04881120696,21091.071071740433,444833278.9532061,1.03940927769088,0.5282137115628149,31537,16392,-0.33723767691556855,Miluo
41645.9184930654,21603.179077448254,466697346.25229794,0.8790784296318115,0.5187346049540358,32853,35944,-0.6330402848876029,Pingjiang
40344.46172941547,21438.720827521334,459618750.72039706,0.985235437551843,0.5313919162265137,32853,19618,0.0168212865735549,Xiangyin
21604.09167270593,6314.34296284305,39870927.05240555,-0.0982555389386957,0.2922753272159289,21942,6900,0.042318840579710144,Cili
26926.699481396467,12601.434554128025,158796152.8219718,1.2834885731947798,0.46799031432850874,24473,15083,-0.3417755088510243,Chaling
40951.34847958604,19932.93809536381,397322021.11360586,1.0538628592274366,0.48674680652580316,34592,16137,0.020263989589142963,Liling
26303.38157694984,15802.166767177081,249708474.53767577,1.2605421482974528,0.6007655981778717,20981,21895,-0.24329755651975338,Yanling
28101.621696063256,9843.588676632056,96896238.03471883,1.3398276287227242,0.35028543132124795,27137,13611,-0.09543751377562266,You
39247.29953425959,19218.90432145569,369366283.3172683,1.1944052408916657,0.48968730459223586,27589,16137,-0.8476792464522526,Zhuzhou
17819.78887913277,6747.12567387177,45523704.85901959,0.4556376196714562,0.37863106682328607,14567,12472,-0.5104233483001924,Sangzhi
34414.94765825629,17459.518914443564,304834800.72381264,1.8181687880234785,0.5073237096804054,29361,11104,0.167507204610951,Yueyang
19113.89416110862,5196.282215803213,27001348.86627275,8.610179003388892e-4,0.27185889866316104,20518,7577,0.6323083014385641,Qiyang
35704.05828337181,19879.00842730192,395174976.05274075,0.9092425398300827,0.5567716775927409,26105,21596,-0.5180588997962585,Taojiang
17868.22228359643,12686.82513509829,160955532.00856176,2.812434814367128,0.7100216761208069,12781,10386,-0.4898902368573079,Shaoyang
28477.141157192716,19065.62265428236,363497967.1954847,1.0575058713217609,0.6695062032049096,18714,13026,-0.3626592967910333,Lianyuan
17063.033300622847,5597.063209036023,31327116.565944623,1.3900095644613486,0.32802275600269243,15801,4074,0.1796759941089838,Hongjiang
23562.29986294359,7245.833239312377,52502099.331924096,2.7206707730830626,0.3075180810642298,24194,6840,0.6023391812865497,Hengyang
26744.2588904359,13179.169636315992,173690512.30279338,1.5325216414888942,0.4927850007101538,24194,14336,-0.10170200892857142,Guiyang
49005.83829430335,22568.841153995192,509352591.03426707,0.36350698422442973,0.4605337229098822,41491,34717,-0.19313304721030042,Changsha
23376.715276237326,6472.728794447957,41896218.04647569,2.4989848082643635,0.27688786546617833,21942,5864,-0.12687585266030013,Taoyuan
38214.74081762689,19407.146643779306,376637340.8531544,1.1049590716171576,0.5078445183338149,27485,17325,-0.732987012987013,Xiangtan
19487.863732698428,5485.1295505132475,30086646.18591366,0.9346668929880558,0.2814638703220108,18001,6499,-0.20326204031389444,Dao
18595.39687310903,5252.51215207588,27588883.907704793,0.9840540627373839,0.28246303038961135,18001,5226,-0.009184845005740528,Jiangyong
